site_key,source_element,source_href,requested_url,normalized_url,status,final_url,response_time_ms,error_class,build,artifact_hdr,shown_count,error
lords-01,nav,/,https://lordfilm47.space/,https://lordfilm47.space/,200,https://lordfilm47.space/,776,ok,20260919T224500Z-0a5fe648-nova,b9de6b626e6578310b7e35cefd63e08d1715db2ff0664c072064d12e72b146fa,,
lords-01,nav,/movies/,https://lordfilm47.space/movies/,https://lordfilm47.space/movies/,200,https://lordfilm47.space/movies/,79,ok,20260919T224500Z-0a5fe648-nova,b9de6b626e6578310b7e35cefd63e08d1715db2ff0664c072064d12e72b146fa,,
lords-01,nav,/series/,https://lordfilm47.space/series/,https://lordfilm47.space/series/,200,https://lordfilm47.space/series/,66,ok,20260919T224500Z-0a5fe648-nova,b9de6b626e6578310b7e35cefd63e08d1715db2ff0664c072064d12e72b146fa,,
lords-01,nav,/new/,https://lordfilm47.space/new/,https://lordfilm47.space/new/,200,https://lordfilm47.space/new/,82,ok,20260919T224500Z-0a5fe648-nova,b9de6b626e6578310b7e35cefd63e08d1715db2ff0664c072064d12e72b146fa,,
lords-01,nav,/collections/,https://lordfilm47.space/collections/,https://lordfilm47.space/collections/,200,https://lordfilm47.space/collections/,538,ok,20260919T224500Z-0a5fe648-nova,b9de6b626e6578310b7e35cefd63e08d1715db2ff0664c072064d12e72b146fa,,
lords-01,nav,/animation/,https://lordfilm47.space/animation/,https://lordfilm47.space/animation/,200,https://lordfilm47.space/animation/,44,ok,20260919T224500Z-0a5fe648-nova,b9de6b626e6578310b7e35cefd63e08d1715db2ff0664c072064d12e72b146fa,,
lords-01,nav,/catalog/,https://lordfilm47.space/catalog/,https://lordfilm47.space/catalog/,200,https://lordfilm47.space/catalog/,83,ok,20260919T224500Z-0a5fe648-nova,b9de6b626e6578310b7e35cefd63e08d1715db2ff0664c072064d12e72b146fa,,
lords-01,nav,/collection/recently_added/,https://lordfilm47.space/collection/recently_added/,https://lordfilm47.space/collection/recently_added/,200,https://lordfilm47.space/collection/recently_added/,18,ok,20260919T224500Z-0a5fe648-nova,b9de6b626e6578310b7e35cefd63e08d1715db2ff0664c072064d12e72b146fa,,
lords-01,nav,/collection/recently_added_movies/,https://lordfilm47.space/collection/recently_added_movies/,https://lordfilm47.space/collection/recently_added_movies/,200,https://lordfilm47.space/collection/recently_added_movies/,29,ok,20260919T224500Z-0a5fe648-nova,b9de6b626e6578310b7e35cefd63e08d1715db2ff0664c072064d12e72b146fa,,
lords-01,nav,/collection/top_rated/,https://lordfilm47.space/collection/top_rated/,https://lordfilm47.space/collection/top_rated/,200,https://lordfilm47.space/collection/top_rated/,12,ok,20260919T224500Z-0a5fe648-nova,b9de6b626e6578310b7e35cefd63e08d1715db2ff0664c072064d12e72b146fa,,
lords-01,nav,/collection/current_season/,https://lordfilm47.space/collection/current_season/,https://lordfilm47.space/collection/current_season/,200,https://lordfilm47.space/collection/current_season/,37,ok,20260919T224500Z-0a5fe648-nova,b9de6b626e6578310b7e35cefd63e08d1715db2ff0664c072064d12e72b146fa,,
lords-01,nav,/collection/video_available/,https://lordfilm47.space/collection/video_available/,https://lordfilm47.space/collection/video_available/,200,https://lordfilm47.space/collection/video_available/,370,ok,20260919T224500Z-0a5fe648-nova,b9de6b626e6578310b7e35cefd63e08d1715db2ff0664c072064d12e72b146fa,,
lords-01,nav,/genre/zapadnyykontent/,https://lordfilm47.space/genre/zapadnyykontent/,https://lordfilm47.space/genre/zapadnyykontent/,200,https://lordfilm47.space/genre/zapadnyykontent/,113,ok,20260919T224500Z-0a5fe648-nova,b9de6b626e6578310b7e35cefd63e08d1715db2ff0664c072064d12e72b146fa,,
lords-01,nav,/genre/drama/,https://lordfilm47.space/genre/drama/,https://lordfilm47.space/genre/drama/,200,https://lordfilm47.space/genre/drama/,132,ok,20260919T224500Z-0a5fe648-nova,b9de6b626e6578310b7e35cefd63e08d1715db2ff0664c072064d12e72b146fa,,
lords-01,nav,/genre/komediya/,https://lordfilm47.space/genre/komediya/,https://lordfilm47.space/genre/komediya/,200,https://lordfilm47.space/genre/komediya/,67,ok,20260919T224500Z-0a5fe648-nova,b9de6b626e6578310b7e35cefd63e08d1715db2ff0664c072064d12e72b146fa,,
lords-01,nav,/genre/triller/,https://lordfilm47.space/genre/triller/,https://lordfilm47.space/genre/triller/,200,https://lordfilm47.space/genre/triller/,65,ok,20260919T224500Z-0a5fe648-nova,b9de6b626e6578310b7e35cefd63e08d1715db2ff0664c072064d12e72b146fa,,
lords-01,nav,/genre/dorama/,https://lordfilm47.space/genre/dorama/,https://lordfilm47.space/genre/dorama/,200,https://lordfilm47.space/genre/dorama/,65,ok,20260919T224500Z-0a5fe648-nova,b9de6b626e6578310b7e35cefd63e08d1715db2ff0664c072064d12e72b146fa,,
lords-01,nav,/genre/melodrama/,https://lordfilm47.space/genre/melodrama/,https://lordfilm47.space/genre/melodrama/,200,https://lordfilm47.space/genre/melodrama/,70,ok,20260919T224500Z-0a5fe648-nova,b9de6b626e6578310b7e35cefd63e08d1715db2ff0664c072064d12e72b146fa,,
lords-01,nav,/genre/anime/,https://lordfilm47.space/genre/anime/,https://lordfilm47.space/genre/anime/,200,https://lordfilm47.space/genre/anime/,62,ok,20260919T224500Z-0a5fe648-nova,b9de6b626e6578310b7e35cefd63e08d1715db2ff0664c072064d12e72b146fa,,
lords-01,nav,/genre/boevik/,https://lordfilm47.space/genre/boevik/,https://lordfilm47.space/genre/boevik/,200,https://lordfilm47.space/genre/boevik/,54,ok,20260919T224500Z-0a5fe648-nova,b9de6b626e6578310b7e35cefd63e08d1715db2ff0664c072064d12e72b146fa,,
lords-01,nav,/genre/west_content/,https://lordfilm47.space/genre/west_content/,https://lordfilm47.space/genre/west_content/,200,https://lordfilm47.space/genre/west_content/,62,ok,20260919T224500Z-0a5fe648-nova,b9de6b626e6578310b7e35cefd63e08d1715db2ff0664c072064d12e72b146fa,,
lords-01,nav,/genre/kriminal/,https://lordfilm47.space/genre/kriminal/,https://lordfilm47.space/genre/kriminal/,200,https://lordfilm47.space/genre/kriminal/,64,ok,20260919T224500Z-0a5fe648-nova,b9de6b626e6578310b7e35cefd63e08d1715db2ff0664c072064d12e72b146fa,,
lords-01,nav,/year/2026/,https://lordfilm47.space/year/2026/,https://lordfilm47.space/year/2026/,200,https://lordfilm47.space/year/2026/,47,ok,20260919T224500Z-0a5fe648-nova,b9de6b626e6578310b7e35cefd63e08d1715db2ff0664c072064d12e72b146fa,,
lords-01,nav,/year/2025/,https://lordfilm47.space/year/2025/,https://lordfilm47.space/year/2025/,200,https://lordfilm47.space/year/2025/,52,ok,20260919T224500Z-0a5fe648-nova,b9de6b626e6578310b7e35cefd63e08d1715db2ff0664c072064d12e72b146fa,,
lords-01,nav,/year/2024/,https://lordfilm47.space/year/2024/,https://lordfilm47.space/year/2024/,200,https://lordfilm47.space/year/2024/,54,ok,20260919T224500Z-0a5fe648-nova,b9de6b626e6578310b7e35cefd63e08d1715db2ff0664c072064d12e72b146fa,,
lords-01,nav,/year/2023/,https://lordfilm47.space/year/2023/,https://lordfilm47.space/year/2023/,200,https://lordfilm47.space/year/2023/,68,ok,20260919T224500Z-0a5fe648-nova,b9de6b626e6578310b7e35cefd63e08d1715db2ff0664c072064d12e72b146fa,,
lords-01,nav,/year/2022/,https://lordfilm47.space/year/2022/,https://lordfilm47.space/year/2022/,200,https://lordfilm47.space/year/2022/,51,ok,20260919T224500Z-0a5fe648-nova,b9de6b626e6578310b7e35cefd63e08d1715db2ff0664c072064d12e72b146fa,,
lords-01,nav,/year/2021/,https://lordfilm47.space/year/2021/,https://lordfilm47.space/year/2021/,200,https://lordfilm47.space/year/2021/,63,ok,20260919T224500Z-0a5fe648-nova,b9de6b626e6578310b7e35cefd63e08d1715db2ff0664c072064d12e72b146fa,,
lords-01,title_sample,/title/nedetskie-igry-2/,https://lordfilm47.space/title/nedetskie-igry-2/,https://lordfilm47.space/title/nedetskie-igry-2/,200,https://lordfilm47.space/title/nedetskie-igry-2/,14,ok,20260919T224500Z-0a5fe648-nova,b9de6b626e6578310b7e35cefd63e08d1715db2ff0664c072064d12e72b146fa,,
lords-01,title_sample,/title/pravda-ili-zagovor/,https://lordfilm47.space/title/pravda-ili-zagovor/,https://lordfilm47.space/title/pravda-ili-zagovor/,200,https://lordfilm47.space/title/pravda-ili-zagovor/,13,ok,20260919T224500Z-0a5fe648-nova,b9de6b626e6578310b7e35cefd63e08d1715db2ff0664c072064d12e72b146fa,,
lords-01,title_sample,/title/reznya-v-norton-krik/,https://lordfilm47.space/title/reznya-v-norton-krik/,https://lordfilm47.space/title/reznya-v-norton-krik/,200,https://lordfilm47.space/title/reznya-v-norton-krik/,13,ok,20260919T224500Z-0a5fe648-nova,b9de6b626e6578310b7e35cefd63e08d1715db2ff0664c072064d12e72b146fa,,
lords-01,title_sample,/title/pervenec-2/,https://lordfilm47.space/title/pervenec-2/,https://lordfilm47.space/title/pervenec-2/,200,https://lordfilm47.space/title/pervenec-2/,11,ok,20260919T224500Z-0a5fe648-nova,b9de6b626e6578310b7e35cefd63e08d1715db2ff0664c072064d12e72b146fa,,
lords-01,title_sample,/title/princessa-i-drakon/,https://lordfilm47.space/title/princessa-i-drakon/,https://lordfilm47.space/title/princessa-i-drakon/,200,https://lordfilm47.space/title/princessa-i-drakon/,16,ok,20260919T224500Z-0a5fe648-nova,b9de6b626e6578310b7e35cefd63e08d1715db2ff0664c072064d12e72b146fa,,
lords-01,seed,/series/?kind=%D0%A1%D0%B5%D1%80%D0%B8%D0%B0%D0%BB&year=2016,https://lordfilm47.space/series/?kind=%D0%A1%D0%B5%D1%80%D0%B8%D0%B0%D0%BB&year=2016,https://lordfilm47.space/series/?kind=%D0%A1%D0%B5%D1%80%D0%B8%D0%B0%D0%BB&year=2016,200,https://lordfilm47.space/series/?kind=%D0%A1%D0%B5%D1%80%D0%B8%D0%B0%D0%BB&year=2016,55,ok,20260919T224500Z-0a5fe648-nova,b9de6b626e6578310b7e35cefd63e08d1715db2ff0664c072064d12e72b146fa,,
lords-01,seed,/catalog/?genre=komediya&sort=rating,https://lordfilm47.space/catalog/?genre=komediya&sort=rating,https://lordfilm47.space/catalog/?genre=komediya&sort=rating,200,https://lordfilm47.space/catalog/?genre=komediya&sort=rating,102,ok,20260919T224500Z-0a5fe648-nova,b9de6b626e6578310b7e35cefd63e08d1715db2ff0664c072064d12e72b146fa,10978,
lords-01,seed,/country/%D0%B2%D0%B5%D0%BB%D0%B8%D0%BA%D0%BE%D0%B1%D1%80%D0%B8%D1%82%D0%B0%D0%BD%D0%B8%D1%8F/,https://lordfilm47.space/country/%D0%B2%D0%B5%D0%BB%D0%B8%D0%BA%D0%BE%D0%B1%D1%80%D0%B8%D1%82%D0%B0%D0%BD%D0%B8%D1%8F/,https://lordfilm47.space/country/%D0%B2%D0%B5%D0%BB%D0%B8%D0%BA%D0%BE%D0%B1%D1%80%D0%B8%D1%82%D0%B0%D0%BD%D0%B8%D1%8F/,404,https://lordfilm47.space/country/%D0%B2%D0%B5%D0%BB%D0%B8%D0%BA%D0%BE%D0%B1%D1%80%D0%B8%D1%82%D0%B0%D0%BD%D0%B8%D1%8F/,11,internal_link_404,20260919T224500Z-0a5fe648-nova,b9de6b626e6578310b7e35cefd63e08d1715db2ff0664c072064d12e72b146fa,,HTTP 404
lords-01,seed,/country/velikobritaniya/,https://lordfilm47.space/country/velikobritaniya/,https://lordfilm47.space/country/velikobritaniya/,404,https://lordfilm47.space/country/velikobritaniya/,11,internal_link_404,20260919T224500Z-0a5fe648-nova,b9de6b626e6578310b7e35cefd63e08d1715db2ff0664c072064d12e72b146fa,,HTTP 404
lords-01,seed,/catalog/?country=%D0%B2%D0%B5%D0%BB%D0%B8%D0%BA%D0%BE%D0%B1%D1%80%D0%B8%D1%82%D0%B0%D0%BD%D0%B8%D1%8F,https://lordfilm47.space/catalog/?country=%D0%B2%D0%B5%D0%BB%D0%B8%D0%BA%D0%BE%D0%B1%D1%80%D0%B8%D1%82%D0%B0%D0%BD%D0%B8%D1%8F,https://lordfilm47.space/catalog/?country=%D0%B2%D0%B5%D0%BB%D0%B8%D0%BA%D0%BE%D0%B1%D1%80%D0%B8%D1%82%D0%B0%D0%BD%D0%B8%D1%8F,200,https://lordfilm47.space/catalog/?country=%D0%B2%D0%B5%D0%BB%D0%B8%D0%BA%D0%BE%D0%B1%D1%80%D0%B8%D1%82%D0%B0%D0%BD%D0%B8%D1%8F,52,ok,20260919T224500Z-0a5fe648-nova,b9de6b626e6578310b7e35cefd63e08d1715db2ff0664c072064d12e72b146fa,,
lords-01,seed,/catalog/?country=velikobritaniya,https://lordfilm47.space/catalog/?country=velikobritaniya,https://lordfilm47.space/catalog/?country=velikobritaniya,200,https://lordfilm47.space/catalog/?country=velikobritaniya,17,ok,20260919T224500Z-0a5fe648-nova,b9de6b626e6578310b7e35cefd63e08d1715db2ff0664c072064d12e72b146fa,,
lords-01,expected_404,/this-route-does-not-exist-audit-404/,https://lordfilm47.space/this-route-does-not-exist-audit-404/,https://lordfilm47.space/this-route-does-not-exist-audit-404/,404,https://lordfilm47.space/this-route-does-not-exist-audit-404/,13,expected_404,20260919T224500Z-0a5fe648-nova,b9de6b626e6578310b7e35cefd63e08d1715db2ff0664c072064d12e72b146fa,,HTTP 404
lords-01,legacy,/films/,https://lordfilm47.space/films/,https://lordfilm47.space/films/,404,https://lordfilm47.space/films/,20,internal_link_404,20260919T224500Z-0a5fe648-nova,b9de6b626e6578310b7e35cefd63e08d1715db2ff0664c072064d12e72b146fa,,HTTP 404
lords-01,legacy,/cartoons/,https://lordfilm47.space/cartoons/,https://lordfilm47.space/cartoons/,404,https://lordfilm47.space/cartoons/,13,internal_link_404,20260919T224500Z-0a5fe648-nova,b9de6b626e6578310b7e35cefd63e08d1715db2ff0664c072064d12e72b146fa,,HTTP 404
lords-01,legacy,/schedule/,https://lordfilm47.space/schedule/,https://lordfilm47.space/schedule/,308,https://lordfilm47.space/schedule/,17,redirect,,,,HTTP 308
lords-01,legacy,/genres/,https://lordfilm47.space/genres/,https://lordfilm47.space/genres/,308,https://lordfilm47.space/genres/,18,redirect,,,,HTTP 308
lords-02,nav,/,https://lordserial33.biz/,https://lordserial33.biz/,200,https://lordserial33.biz/,713,ok,20260919T135218Z-5fc22310-nova,b08519b2f023329ccf1cde6c0d0b3f758b764ffe0ca47eba3a9587a5f29d5493,,
lords-02,nav,/movies/,https://lordserial33.biz/movies/,https://lordserial33.biz/movies/,200,https://lordserial33.biz/movies/,74,ok,20260919T135218Z-5fc22310-nova,b08519b2f023329ccf1cde6c0d0b3f758b764ffe0ca47eba3a9587a5f29d5493,,
lords-02,nav,/series/,https://lordserial33.biz/series/,https://lordserial33.biz/series/,200,https://lordserial33.biz/series/,76,ok,20260919T135218Z-5fc22310-nova,b08519b2f023329ccf1cde6c0d0b3f758b764ffe0ca47eba3a9587a5f29d5493,,
lords-02,nav,/new/,https://lordserial33.biz/new/,https://lordserial33.biz/new/,200,https://lordserial33.biz/new/,80,ok,20260919T135218Z-5fc22310-nova,b08519b2f023329ccf1cde6c0d0b3f758b764ffe0ca47eba3a9587a5f29d5493,,
lords-02,nav,/collections/,https://lordserial33.biz/collections/,https://lordserial33.biz/collections/,200,https://lordserial33.biz/collections/,684,ok,20260919T135218Z-5fc22310-nova,b08519b2f023329ccf1cde6c0d0b3f758b764ffe0ca47eba3a9587a5f29d5493,,
lords-02,nav,/animation/,https://lordserial33.biz/animation/,https://lordserial33.biz/animation/,200,https://lordserial33.biz/animation/,51,ok,20260919T135218Z-5fc22310-nova,b08519b2f023329ccf1cde6c0d0b3f758b764ffe0ca47eba3a9587a5f29d5493,,
lords-02,nav,/catalog/,https://lordserial33.biz/catalog/,https://lordserial33.biz/catalog/,200,https://lordserial33.biz/catalog/,78,ok,20260919T135218Z-5fc22310-nova,b08519b2f023329ccf1cde6c0d0b3f758b764ffe0ca47eba3a9587a5f29d5493,,
lords-02,nav,/collection/recently_added/,https://lordserial33.biz/collection/recently_added/,https://lordserial33.biz/collection/recently_added/,200,https://lordserial33.biz/collection/recently_added/,24,ok,20260919T135218Z-5fc22310-nova,b08519b2f023329ccf1cde6c0d0b3f758b764ffe0ca47eba3a9587a5f29d5493,,
lords-02,nav,/collection/recently_added_movies/,https://lordserial33.biz/collection/recently_added_movies/,https://lordserial33.biz/collection/recently_added_movies/,200,https://lordserial33.biz/collection/recently_added_movies/,17,ok,20260919T135218Z-5fc22310-nova,b08519b2f023329ccf1cde6c0d0b3f758b764ffe0ca47eba3a9587a5f29d5493,,
lords-02,nav,/collection/top_rated/,https://lordserial33.biz/collection/top_rated/,https://lordserial33.biz/collection/top_rated/,200,https://lordserial33.biz/collection/top_rated/,18,ok,20260919T135218Z-5fc22310-nova,b08519b2f023329ccf1cde6c0d0b3f758b764ffe0ca47eba3a9587a5f29d5493,,
lords-02,nav,/collection/current_season/,https://lordserial33.biz/collection/current_season/,https://lordserial33.biz/collection/current_season/,200,https://lordserial33.biz/collection/current_season/,49,ok,20260919T135218Z-5fc22310-nova,b08519b2f023329ccf1cde6c0d0b3f758b764ffe0ca47eba3a9587a5f29d5493,,
lords-02,nav,/collection/video_available/,https://lordserial33.biz/collection/video_available/,https://lordserial33.biz/collection/video_available/,200,https://lordserial33.biz/collection/video_available/,421,ok,20260919T135218Z-5fc22310-nova,b08519b2f023329ccf1cde6c0d0b3f758b764ffe0ca47eba3a9587a5f29d5493,,
lords-02,nav,/genre/zapadnyykontent/,https://lordserial33.biz/genre/zapadnyykontent/,https://lordserial33.biz/genre/zapadnyykontent/,200,https://lordserial33.biz/genre/zapadnyykontent/,121,ok,20260919T135218Z-5fc22310-nova,b08519b2f023329ccf1cde6c0d0b3f758b764ffe0ca47eba3a9587a5f29d5493,,
lords-02,nav,/genre/drama/,https://lordserial33.biz/genre/drama/,https://lordserial33.biz/genre/drama/,200,https://lordserial33.biz/genre/drama/,100,ok,20260919T135218Z-5fc22310-nova,b08519b2f023329ccf1cde6c0d0b3f758b764ffe0ca47eba3a9587a5f29d5493,,
lords-02,nav,/genre/komediya/,https://lordserial33.biz/genre/komediya/,https://lordserial33.biz/genre/komediya/,200,https://lordserial33.biz/genre/komediya/,79,ok,20260919T135218Z-5fc22310-nova,b08519b2f023329ccf1cde6c0d0b3f758b764ffe0ca47eba3a9587a5f29d5493,,
lords-02,nav,/genre/triller/,https://lordserial33.biz/genre/triller/,https://lordserial33.biz/genre/triller/,200,https://lordserial33.biz/genre/triller/,61,ok,20260919T135218Z-5fc22310-nova,b08519b2f023329ccf1cde6c0d0b3f758b764ffe0ca47eba3a9587a5f29d5493,,
lords-02,nav,/genre/dorama/,https://lordserial33.biz/genre/dorama/,https://lordserial33.biz/genre/dorama/,200,https://lordserial33.biz/genre/dorama/,65,ok,20260919T135218Z-5fc22310-nova,b08519b2f023329ccf1cde6c0d0b3f758b764ffe0ca47eba3a9587a5f29d5493,,
lords-02,nav,/genre/boevik/,https://lordserial33.biz/genre/boevik/,https://lordserial33.biz/genre/boevik/,200,https://lordserial33.biz/genre/boevik/,76,ok,20260919T135218Z-5fc22310-nova,b08519b2f023329ccf1cde6c0d0b3f758b764ffe0ca47eba3a9587a5f29d5493,,
lords-02,nav,/genre/melodrama/,https://lordserial33.biz/genre/melodrama/,https://lordserial33.biz/genre/melodrama/,200,https://lordserial33.biz/genre/melodrama/,57,ok,20260919T135218Z-5fc22310-nova,b08519b2f023329ccf1cde6c0d0b3f758b764ffe0ca47eba3a9587a5f29d5493,,
lords-02,nav,/genre/anime/,https://lordserial33.biz/genre/anime/,https://lordserial33.biz/genre/anime/,200,https://lordserial33.biz/genre/anime/,53,ok,20260919T135218Z-5fc22310-nova,b08519b2f023329ccf1cde6c0d0b3f758b764ffe0ca47eba3a9587a5f29d5493,,
lords-02,nav,/genre/kriminal/,https://lordserial33.biz/genre/kriminal/,https://lordserial33.biz/genre/kriminal/,200,https://lordserial33.biz/genre/kriminal/,56,ok,20260919T135218Z-5fc22310-nova,b08519b2f023329ccf1cde6c0d0b3f758b764ffe0ca47eba3a9587a5f29d5493,,
lords-02,nav,/genre/fentezi/,https://lordserial33.biz/genre/fentezi/,https://lordserial33.biz/genre/fentezi/,200,https://lordserial33.biz/genre/fentezi/,47,ok,20260919T135218Z-5fc22310-nova,b08519b2f023329ccf1cde6c0d0b3f758b764ffe0ca47eba3a9587a5f29d5493,,
lords-02,nav,/year/2026/,https://lordserial33.biz/year/2026/,https://lordserial33.biz/year/2026/,200,https://lordserial33.biz/year/2026/,69,ok,20260919T135218Z-5fc22310-nova,b08519b2f023329ccf1cde6c0d0b3f758b764ffe0ca47eba3a9587a5f29d5493,,
lords-02,nav,/year/2025/,https://lordserial33.biz/year/2025/,https://lordserial33.biz/year/2025/,200,https://lordserial33.biz/year/2025/,54,ok,20260919T135218Z-5fc22310-nova,b08519b2f023329ccf1cde6c0d0b3f758b764ffe0ca47eba3a9587a5f29d5493,,
lords-02,nav,/year/2024/,https://lordserial33.biz/year/2024/,https://lordserial33.biz/year/2024/,200,https://lordserial33.biz/year/2024/,64,ok,20260919T135218Z-5fc22310-nova,b08519b2f023329ccf1cde6c0d0b3f758b764ffe0ca47eba3a9587a5f29d5493,,
lords-02,nav,/year/2023/,https://lordserial33.biz/year/2023/,https://lordserial33.biz/year/2023/,200,https://lordserial33.biz/year/2023/,60,ok,20260919T135218Z-5fc22310-nova,b08519b2f023329ccf1cde6c0d0b3f758b764ffe0ca47eba3a9587a5f29d5493,,
lords-02,nav,/year/2022/,https://lordserial33.biz/year/2022/,https://lordserial33.biz/year/2022/,200,https://lordserial33.biz/year/2022/,62,ok,20260919T135218Z-5fc22310-nova,b08519b2f023329ccf1cde6c0d0b3f758b764ffe0ca47eba3a9587a5f29d5493,,
lords-02,nav,/year/2021/,https://lordserial33.biz/year/2021/,https://lordserial33.biz/year/2021/,200,https://lordserial33.biz/year/2021/,52,ok,20260919T135218Z-5fc22310-nova,b08519b2f023329ccf1cde6c0d0b3f758b764ffe0ca47eba3a9587a5f29d5493,,
lords-02,title_sample,/title/nedetskie-igry-2/,https://lordserial33.biz/title/nedetskie-igry-2/,https://lordserial33.biz/title/nedetskie-igry-2/,200,https://lordserial33.biz/title/nedetskie-igry-2/,14,ok,20260919T135218Z-5fc22310-nova,b08519b2f023329ccf1cde6c0d0b3f758b764ffe0ca47eba3a9587a5f29d5493,,
lords-02,title_sample,/title/pravda-ili-zagovor/,https://lordserial33.biz/title/pravda-ili-zagovor/,https://lordserial33.biz/title/pravda-ili-zagovor/,200,https://lordserial33.biz/title/pravda-ili-zagovor/,14,ok,20260919T135218Z-5fc22310-nova,b08519b2f023329ccf1cde6c0d0b3f758b764ffe0ca47eba3a9587a5f29d5493,,
lords-02,title_sample,/title/reznya-v-norton-krik/,https://lordserial33.biz/title/reznya-v-norton-krik/,https://lordserial33.biz/title/reznya-v-norton-krik/,200,https://lordserial33.biz/title/reznya-v-norton-krik/,15,ok,20260919T135218Z-5fc22310-nova,b08519b2f023329ccf1cde6c0d0b3f758b764ffe0ca47eba3a9587a5f29d5493,,
lords-02,title_sample,/title/pervenec-2/,https://lordserial33.biz/title/pervenec-2/,https://lordserial33.biz/title/pervenec-2/,200,https://lordserial33.biz/title/pervenec-2/,17,ok,20260919T135218Z-5fc22310-nova,b08519b2f023329ccf1cde6c0d0b3f758b764ffe0ca47eba3a9587a5f29d5493,,
lords-02,title_sample,/title/princessa-i-drakon/,https://lordserial33.biz/title/princessa-i-drakon/,https://lordserial33.biz/title/princessa-i-drakon/,200,https://lordserial33.biz/title/princessa-i-drakon/,20,ok,20260919T135218Z-5fc22310-nova,b08519b2f023329ccf1cde6c0d0b3f758b764ffe0ca47eba3a9587a5f29d5493,,
lords-02,seed,/series/?kind=%D0%A1%D0%B5%D1%80%D0%B8%D0%B0%D0%BB&year=2016,https://lordserial33.biz/series/?kind=%D0%A1%D0%B5%D1%80%D0%B8%D0%B0%D0%BB&year=2016,https://lordserial33.biz/series/?kind=%D0%A1%D0%B5%D1%80%D0%B8%D0%B0%D0%BB&year=2016,200,https://lordserial33.biz/series/?kind=%D0%A1%D0%B5%D1%80%D0%B8%D0%B0%D0%BB&year=2016,52,ok,20260919T135218Z-5fc22310-nova,b08519b2f023329ccf1cde6c0d0b3f758b764ffe0ca47eba3a9587a5f29d5493,,
lords-02,seed,/catalog/?genre=komediya&sort=rating,https://lordserial33.biz/catalog/?genre=komediya&sort=rating,https://lordserial33.biz/catalog/?genre=komediya&sort=rating,200,https://lordserial33.biz/catalog/?genre=komediya&sort=rating,99,ok,20260919T135218Z-5fc22310-nova,b08519b2f023329ccf1cde6c0d0b3f758b764ffe0ca47eba3a9587a5f29d5493,14913,
lords-02,seed,/country/%D0%B2%D0%B5%D0%BB%D0%B8%D0%BA%D0%BE%D0%B1%D1%80%D0%B8%D1%82%D0%B0%D0%BD%D0%B8%D1%8F/,https://lordserial33.biz/country/%D0%B2%D0%B5%D0%BB%D0%B8%D0%BA%D0%BE%D0%B1%D1%80%D0%B8%D1%82%D0%B0%D0%BD%D0%B8%D1%8F/,https://lordserial33.biz/country/%D0%B2%D0%B5%D0%BB%D0%B8%D0%BA%D0%BE%D0%B1%D1%80%D0%B8%D1%82%D0%B0%D0%BD%D0%B8%D1%8F/,404,https://lordserial33.biz/country/%D0%B2%D0%B5%D0%BB%D0%B8%D0%BA%D0%BE%D0%B1%D1%80%D0%B8%D1%82%D0%B0%D0%BD%D0%B8%D1%8F/,15,internal_link_404,20260919T135218Z-5fc22310-nova,b08519b2f023329ccf1cde6c0d0b3f758b764ffe0ca47eba3a9587a5f29d5493,,HTTP 404
lords-02,seed,/country/velikobritaniya/,https://lordserial33.biz/country/velikobritaniya/,https://lordserial33.biz/country/velikobritaniya/,404,https://lordserial33.biz/country/velikobritaniya/,11,internal_link_404,20260919T135218Z-5fc22310-nova,b08519b2f023329ccf1cde6c0d0b3f758b764ffe0ca47eba3a9587a5f29d5493,,HTTP 404
lords-02,seed,/catalog/?country=%D0%B2%D0%B5%D0%BB%D0%B8%D0%BA%D0%BE%D0%B1%D1%80%D0%B8%D1%82%D0%B0%D0%BD%D0%B8%D1%8F,https://lordserial33.biz/catalog/?country=%D0%B2%D0%B5%D0%BB%D0%B8%D0%BA%D0%BE%D0%B1%D1%80%D0%B8%D1%82%D0%B0%D0%BD%D0%B8%D1%8F,https://lordserial33.biz/catalog/?country=%D0%B2%D0%B5%D0%BB%D0%B8%D0%BA%D0%BE%D0%B1%D1%80%D0%B8%D1%82%D0%B0%D0%BD%D0%B8%D1%8F,200,https://lordserial33.biz/catalog/?country=%D0%B2%D0%B5%D0%BB%D0%B8%D0%BA%D0%BE%D0%B1%D1%80%D0%B8%D1%82%D0%B0%D0%BD%D0%B8%D1%8F,50,ok,20260919T135218Z-5fc22310-nova,b08519b2f023329ccf1cde6c0d0b3f758b764ffe0ca47eba3a9587a5f29d5493,,
lords-02,seed,/catalog/?country=velikobritaniya,https://lordserial33.biz/catalog/?country=velikobritaniya,https://lordserial33.biz/catalog/?country=velikobritaniya,200,https://lordserial33.biz/catalog/?country=velikobritaniya,17,ok,20260919T135218Z-5fc22310-nova,b08519b2f023329ccf1cde6c0d0b3f758b764ffe0ca47eba3a9587a5f29d5493,,
lords-02,expected_404,/this-route-does-not-exist-audit-404/,https://lordserial33.biz/this-route-does-not-exist-audit-404/,https://lordserial33.biz/this-route-does-not-exist-audit-404/,404,https://lordserial33.biz/this-route-does-not-exist-audit-404/,11,expected_404,20260919T135218Z-5fc22310-nova,b08519b2f023329ccf1cde6c0d0b3f758b764ffe0ca47eba3a9587a5f29d5493,,HTTP 404
lords-02,legacy,/films/,https://lordserial33.biz/films/,https://lordserial33.biz/films/,404,https://lordserial33.biz/films/,15,internal_link_404,20260919T135218Z-5fc22310-nova,b08519b2f023329ccf1cde6c0d0b3f758b764ffe0ca47eba3a9587a5f29d5493,,HTTP 404
lords-02,legacy,/cartoons/,https://lordserial33.biz/cartoons/,https://lordserial33.biz/cartoons/,404,https://lordserial33.biz/cartoons/,15,internal_link_404,20260919T135218Z-5fc22310-nova,b08519b2f023329ccf1cde6c0d0b3f758b764ffe0ca47eba3a9587a5f29d5493,,HTTP 404
lords-02,legacy,/schedule/,https://lordserial33.biz/schedule/,https://lordserial33.biz/schedule/,308,https://lordserial33.biz/schedule/,13,redirect,,,,HTTP 308
lords-02,legacy,/genres/,https://lordserial33.biz/genres/,https://lordserial33.biz/genres/,308,https://lordserial33.biz/genres/,12,redirect,,,,HTTP 308
lords-03,nav,/,https://1lordserials1.online/,https://1lordserials1.online/,200,https://1lordserials1.online/,829,ok,20260910T124530Z-a1691c56-nova,9229879ee5ab04eb68a59a98d9aeb1c6e3b745de7125c984756787790b0d6bbd,,
lords-03,nav,/movies/,https://1lordserials1.online/movies/,https://1lordserials1.online/movies/,200,https://1lordserials1.online/movies/,76,ok,20260910T124530Z-a1691c56-nova,9229879ee5ab04eb68a59a98d9aeb1c6e3b745de7125c984756787790b0d6bbd,,
lords-03,nav,/series/,https://1lordserials1.online/series/,https://1lordserials1.online/series/,200,https://1lordserials1.online/series/,62,ok,20260910T124530Z-a1691c56-nova,9229879ee5ab04eb68a59a98d9aeb1c6e3b745de7125c984756787790b0d6bbd,,
lords-03,nav,/new/,https://1lordserials1.online/new/,https://1lordserials1.online/new/,200,https://1lordserials1.online/new/,73,ok,20260910T124530Z-a1691c56-nova,9229879ee5ab04eb68a59a98d9aeb1c6e3b745de7125c984756787790b0d6bbd,,
lords-03,nav,/collections/,https://1lordserials1.online/collections/,https://1lordserials1.online/collections/,200,https://1lordserials1.online/collections/,587,ok,20260910T124530Z-a1691c56-nova,9229879ee5ab04eb68a59a98d9aeb1c6e3b745de7125c984756787790b0d6bbd,,
lords-03,nav,/animation/,https://1lordserials1.online/animation/,https://1lordserials1.online/animation/,200,https://1lordserials1.online/animation/,49,ok,20260910T124530Z-a1691c56-nova,9229879ee5ab04eb68a59a98d9aeb1c6e3b745de7125c984756787790b0d6bbd,,
lords-03,nav,/catalog/,https://1lordserials1.online/catalog/,https://1lordserials1.online/catalog/,200,https://1lordserials1.online/catalog/,84,ok,20260910T124530Z-a1691c56-nova,9229879ee5ab04eb68a59a98d9aeb1c6e3b745de7125c984756787790b0d6bbd,,
lords-03,nav,/collection/recently_added/,https://1lordserials1.online/collection/recently_added/,https://1lordserials1.online/collection/recently_added/,200,https://1lordserials1.online/collection/recently_added/,13,ok,20260910T124530Z-a1691c56-nova,9229879ee5ab04eb68a59a98d9aeb1c6e3b745de7125c984756787790b0d6bbd,,
lords-03,nav,/collection/recently_added_movies/,https://1lordserials1.online/collection/recently_added_movies/,https://1lordserials1.online/collection/recently_added_movies/,200,https://1lordserials1.online/collection/recently_added_movies/,17,ok,20260910T124530Z-a1691c56-nova,9229879ee5ab04eb68a59a98d9aeb1c6e3b745de7125c984756787790b0d6bbd,,
lords-03,nav,/collection/top_rated/,https://1lordserials1.online/collection/top_rated/,https://1lordserials1.online/collection/top_rated/,200,https://1lordserials1.online/collection/top_rated/,16,ok,20260910T124530Z-a1691c56-nova,9229879ee5ab04eb68a59a98d9aeb1c6e3b745de7125c984756787790b0d6bbd,,
lords-03,nav,/collection/current_season/,https://1lordserials1.online/collection/current_season/,https://1lordserials1.online/collection/current_season/,200,https://1lordserials1.online/collection/current_season/,36,ok,20260910T124530Z-a1691c56-nova,9229879ee5ab04eb68a59a98d9aeb1c6e3b745de7125c984756787790b0d6bbd,,
lords-03,nav,/collection/video_available/,https://1lordserials1.online/collection/video_available/,https://1lordserials1.online/collection/video_available/,200,https://1lordserials1.online/collection/video_available/,370,ok,20260910T124530Z-a1691c56-nova,9229879ee5ab04eb68a59a98d9aeb1c6e3b745de7125c984756787790b0d6bbd,,
lords-03,nav,/genre/zapadnyykontent/,https://1lordserials1.online/genre/zapadnyykontent/,https://1lordserials1.online/genre/zapadnyykontent/,200,https://1lordserials1.online/genre/zapadnyykontent/,118,ok,20260910T124530Z-a1691c56-nova,9229879ee5ab04eb68a59a98d9aeb1c6e3b745de7125c984756787790b0d6bbd,,
lords-03,nav,/genre/drama/,https://1lordserials1.online/genre/drama/,https://1lordserials1.online/genre/drama/,200,https://1lordserials1.online/genre/drama/,83,ok,20260910T124530Z-a1691c56-nova,9229879ee5ab04eb68a59a98d9aeb1c6e3b745de7125c984756787790b0d6bbd,,
lords-03,nav,/genre/komediya/,https://1lordserials1.online/genre/komediya/,https://1lordserials1.online/genre/komediya/,200,https://1lordserials1.online/genre/komediya/,75,ok,20260910T124530Z-a1691c56-nova,9229879ee5ab04eb68a59a98d9aeb1c6e3b745de7125c984756787790b0d6bbd,,
lords-03,nav,/genre/triller/,https://1lordserials1.online/genre/triller/,https://1lordserials1.online/genre/triller/,200,https://1lordserials1.online/genre/triller/,73,ok,20260910T124530Z-a1691c56-nova,9229879ee5ab04eb68a59a98d9aeb1c6e3b745de7125c984756787790b0d6bbd,,
lords-03,nav,/genre/dorama/,https://1lordserials1.online/genre/dorama/,https://1lordserials1.online/genre/dorama/,200,https://1lordserials1.online/genre/dorama/,78,ok,20260910T124530Z-a1691c56-nova,9229879ee5ab04eb68a59a98d9aeb1c6e3b745de7125c984756787790b0d6bbd,,
lords-03,nav,/genre/boevik/,https://1lordserials1.online/genre/boevik/,https://1lordserials1.online/genre/boevik/,200,https://1lordserials1.online/genre/boevik/,65,ok,20260910T124530Z-a1691c56-nova,9229879ee5ab04eb68a59a98d9aeb1c6e3b745de7125c984756787790b0d6bbd,,
lords-03,nav,/genre/melodrama/,https://1lordserials1.online/genre/melodrama/,https://1lordserials1.online/genre/melodrama/,200,https://1lordserials1.online/genre/melodrama/,85,ok,20260910T124530Z-a1691c56-nova,9229879ee5ab04eb68a59a98d9aeb1c6e3b745de7125c984756787790b0d6bbd,,
lords-03,nav,/genre/anime/,https://1lordserials1.online/genre/anime/,https://1lordserials1.online/genre/anime/,200,https://1lordserials1.online/genre/anime/,65,ok,20260910T124530Z-a1691c56-nova,9229879ee5ab04eb68a59a98d9aeb1c6e3b745de7125c984756787790b0d6bbd,,
lords-03,nav,/genre/kriminal/,https://1lordserials1.online/genre/kriminal/,https://1lordserials1.online/genre/kriminal/,200,https://1lordserials1.online/genre/kriminal/,61,ok,20260910T124530Z-a1691c56-nova,9229879ee5ab04eb68a59a98d9aeb1c6e3b745de7125c984756787790b0d6bbd,,
lords-03,nav,/genre/fentezi/,https://1lordserials1.online/genre/fentezi/,https://1lordserials1.online/genre/fentezi/,200,https://1lordserials1.online/genre/fentezi/,67,ok,20260910T124530Z-a1691c56-nova,9229879ee5ab04eb68a59a98d9aeb1c6e3b745de7125c984756787790b0d6bbd,,
lords-03,nav,/year/2026/,https://1lordserials1.online/year/2026/,https://1lordserials1.online/year/2026/,200,https://1lordserials1.online/year/2026/,72,ok,20260910T124530Z-a1691c56-nova,9229879ee5ab04eb68a59a98d9aeb1c6e3b745de7125c984756787790b0d6bbd,,
lords-03,nav,/year/2025/,https://1lordserials1.online/year/2025/,https://1lordserials1.online/year/2025/,200,https://1lordserials1.online/year/2025/,73,ok,20260910T124530Z-a1691c56-nova,9229879ee5ab04eb68a59a98d9aeb1c6e3b745de7125c984756787790b0d6bbd,,
lords-03,nav,/year/2024/,https://1lordserials1.online/year/2024/,https://1lordserials1.online/year/2024/,200,https://1lordserials1.online/year/2024/,56,ok,20260910T124530Z-a1691c56-nova,9229879ee5ab04eb68a59a98d9aeb1c6e3b745de7125c984756787790b0d6bbd,,
lords-03,nav,/year/2023/,https://1lordserials1.online/year/2023/,https://1lordserials1.online/year/2023/,200,https://1lordserials1.online/year/2023/,71,ok,20260910T124530Z-a1691c56-nova,9229879ee5ab04eb68a59a98d9aeb1c6e3b745de7125c984756787790b0d6bbd,,
lords-03,nav,/year/2022/,https://1lordserials1.online/year/2022/,https://1lordserials1.online/year/2022/,200,https://1lordserials1.online/year/2022/,65,ok,20260910T124530Z-a1691c56-nova,9229879ee5ab04eb68a59a98d9aeb1c6e3b745de7125c984756787790b0d6bbd,,
lords-03,nav,/year/2021/,https://1lordserials1.online/year/2021/,https://1lordserials1.online/year/2021/,200,https://1lordserials1.online/year/2021/,58,ok,20260910T124530Z-a1691c56-nova,9229879ee5ab04eb68a59a98d9aeb1c6e3b745de7125c984756787790b0d6bbd,,
lords-03,title_sample,/title/nedetskie-igry-2/,https://1lordserials1.online/title/nedetskie-igry-2/,https://1lordserials1.online/title/nedetskie-igry-2/,200,https://1lordserials1.online/title/nedetskie-igry-2/,17,ok,20260910T124530Z-a1691c56-nova,9229879ee5ab04eb68a59a98d9aeb1c6e3b745de7125c984756787790b0d6bbd,,
lords-03,title_sample,/title/pravda-ili-zagovor/,https://1lordserials1.online/title/pravda-ili-zagovor/,https://1lordserials1.online/title/pravda-ili-zagovor/,200,https://1lordserials1.online/title/pravda-ili-zagovor/,17,ok,20260910T124530Z-a1691c56-nova,9229879ee5ab04eb68a59a98d9aeb1c6e3b745de7125c984756787790b0d6bbd,,
lords-03,title_sample,/title/reznya-v-norton-krik/,https://1lordserials1.online/title/reznya-v-norton-krik/,https://1lordserials1.online/title/reznya-v-norton-krik/,200,https://1lordserials1.online/title/reznya-v-norton-krik/,21,ok,20260910T124530Z-a1691c56-nova,9229879ee5ab04eb68a59a98d9aeb1c6e3b745de7125c984756787790b0d6bbd,,
lords-03,title_sample,/title/pervenec-2/,https://1lordserials1.online/title/pervenec-2/,https://1lordserials1.online/title/pervenec-2/,200,https://1lordserials1.online/title/pervenec-2/,10,ok,20260910T124530Z-a1691c56-nova,9229879ee5ab04eb68a59a98d9aeb1c6e3b745de7125c984756787790b0d6bbd,,
lords-03,title_sample,/title/princessa-i-drakon/,https://1lordserials1.online/title/princessa-i-drakon/,https://1lordserials1.online/title/princessa-i-drakon/,200,https://1lordserials1.online/title/princessa-i-drakon/,18,ok,20260910T124530Z-a1691c56-nova,9229879ee5ab04eb68a59a98d9aeb1c6e3b745de7125c984756787790b0d6bbd,,
lords-03,seed,/series/?kind=%D0%A1%D0%B5%D1%80%D0%B8%D0%B0%D0%BB&year=2016,https://1lordserials1.online/series/?kind=%D0%A1%D0%B5%D1%80%D0%B8%D0%B0%D0%BB&year=2016,https://1lordserials1.online/series/?kind=%D0%A1%D0%B5%D1%80%D0%B8%D0%B0%D0%BB&year=2016,200,https://1lordserials1.online/series/?kind=%D0%A1%D0%B5%D1%80%D0%B8%D0%B0%D0%BB&year=2016,62,ok,20260910T124530Z-a1691c56-nova,9229879ee5ab04eb68a59a98d9aeb1c6e3b745de7125c984756787790b0d6bbd,,
lords-03,seed,/catalog/?genre=komediya&sort=rating,https://1lordserials1.online/catalog/?genre=komediya&sort=rating,https://1lordserials1.online/catalog/?genre=komediya&sort=rating,200,https://1lordserials1.online/catalog/?genre=komediya&sort=rating,138,ok,20260910T124530Z-a1691c56-nova,9229879ee5ab04eb68a59a98d9aeb1c6e3b745de7125c984756787790b0d6bbd,14913,
lords-03,seed,/country/%D0%B2%D0%B5%D0%BB%D0%B8%D0%BA%D0%BE%D0%B1%D1%80%D0%B8%D1%82%D0%B0%D0%BD%D0%B8%D1%8F/,https://1lordserials1.online/country/%D0%B2%D0%B5%D0%BB%D0%B8%D0%BA%D0%BE%D0%B1%D1%80%D0%B8%D1%82%D0%B0%D0%BD%D0%B8%D1%8F/,https://1lordserials1.online/country/%D0%B2%D0%B5%D0%BB%D0%B8%D0%BA%D0%BE%D0%B1%D1%80%D0%B8%D1%82%D0%B0%D0%BD%D0%B8%D1%8F/,404,https://1lordserials1.online/country/%D0%B2%D0%B5%D0%BB%D0%B8%D0%BA%D0%BE%D0%B1%D1%80%D0%B8%D1%82%D0%B0%D0%BD%D0%B8%D1%8F/,14,internal_link_404,20260910T124530Z-a1691c56-nova,9229879ee5ab04eb68a59a98d9aeb1c6e3b745de7125c984756787790b0d6bbd,,HTTP 404
lords-03,seed,/country/velikobritaniya/,https://1lordserials1.online/country/velikobritaniya/,https://1lordserials1.online/country/velikobritaniya/,404,https://1lordserials1.online/country/velikobritaniya/,14,internal_link_404,20260910T124530Z-a1691c56-nova,9229879ee5ab04eb68a59a98d9aeb1c6e3b745de7125c984756787790b0d6bbd,,HTTP 404
lords-03,seed,/catalog/?country=%D0%B2%D0%B5%D0%BB%D0%B8%D0%BA%D0%BE%D0%B1%D1%80%D0%B8%D1%82%D0%B0%D0%BD%D0%B8%D1%8F,https://1lordserials1.online/catalog/?country=%D0%B2%D0%B5%D0%BB%D0%B8%D0%BA%D0%BE%D0%B1%D1%80%D0%B8%D1%82%D0%B0%D0%BD%D0%B8%D1%8F,https://1lordserials1.online/catalog/?country=%D0%B2%D0%B5%D0%BB%D0%B8%D0%BA%D0%BE%D0%B1%D1%80%D0%B8%D1%82%D0%B0%D0%BD%D0%B8%D1%8F,200,https://1lordserials1.online/catalog/?country=%D0%B2%D0%B5%D0%BB%D0%B8%D0%BA%D0%BE%D0%B1%D1%80%D0%B8%D1%82%D0%B0%D0%BD%D0%B8%D1%8F,63,ok,20260910T124530Z-a1691c56-nova,9229879ee5ab04eb68a59a98d9aeb1c6e3b745de7125c984756787790b0d6bbd,,
lords-03,seed,/catalog/?country=velikobritaniya,https://1lordserials1.online/catalog/?country=velikobritaniya,https://1lordserials1.online/catalog/?country=velikobritaniya,200,https://1lordserials1.online/catalog/?country=velikobritaniya,13,ok,20260910T124530Z-a1691c56-nova,9229879ee5ab04eb68a59a98d9aeb1c6e3b745de7125c984756787790b0d6bbd,,
lords-03,expected_404,/this-route-does-not-exist-audit-404/,https://1lordserials1.online/this-route-does-not-exist-audit-404/,https://1lordserials1.online/this-route-does-not-exist-audit-404/,404,https://1lordserials1.online/this-route-does-not-exist-audit-404/,13,expected_404,20260910T124530Z-a1691c56-nova,9229879ee5ab04eb68a59a98d9aeb1c6e3b745de7125c984756787790b0d6bbd,,HTTP 404
lords-03,legacy,/films/,https://1lordserials1.online/films/,https://1lordserials1.online/films/,404,https://1lordserials1.online/films/,14,internal_link_404,20260910T124530Z-a1691c56-nova,9229879ee5ab04eb68a59a98d9aeb1c6e3b745de7125c984756787790b0d6bbd,,HTTP 404
lords-03,legacy,/cartoons/,https://1lordserials1.online/cartoons/,https://1lordserials1.online/cartoons/,404,https://1lordserials1.online/cartoons/,14,internal_link_404,20260910T124530Z-a1691c56-nova,9229879ee5ab04eb68a59a98d9aeb1c6e3b745de7125c984756787790b0d6bbd,,HTTP 404
lords-03,legacy,/schedule/,https://1lordserials1.online/schedule/,https://1lordserials1.online/schedule/,308,https://1lordserials1.online/schedule/,14,redirect,,,,HTTP 308
lords-03,legacy,/genres/,https://1lordserials1.online/genres/,https://1lordserials1.online/genres/,308,https://1lordserials1.online/genres/,17,redirect,,,,HTTP 308
