slug,url,canonical_id,detail_present,up_kp_rating,up_imdb_rating,up_kp_id,up_imdb_id,up_poster,up_source_id,up_provider,up_description,proj_kp,proj_imdb,proj_description,proj_poster,proj_source_id,proj_playable,card_kp,card_imdb,title_kp,title_imdb,title_description_len,title_source_id,reason_kp,reason_imdb,reason_description,reason_poster,reason_source_id
vospominaniya-pokoynika,/title/vospominaniya-pokoynika/,01a09f5e-af2a-7a39-bde1-23c6049fae19,False,,,5026307,20566308,True,5026307,kp,False,,,False,True,5026307,True,,,,,34,,UPSTREAM_ABSENT,UPSTREAM_ABSENT,UPSTREAM_ABSENT,OK,SERVING_DROP
vysokogore,/title/vysokogore/,0191878d-0a69-7d81-a89f-9b7a88d31d4e,False,,,5461584,27458866,True,5461584,kp,False,,,False,True,5461584,True,,,,,24,,UPSTREAM_ABSENT,UPSTREAM_ABSENT,UPSTREAM_ABSENT,OK,SERVING_DROP
zhavoronok-vzyvaet-k-nebu,/title/zhavoronok-vzyvaet-k-nebu/,01a09eba-42c2-7a22-9027-1fddb5b5ff1b,False,,,,,True,761793,mdl,False,,,False,True,761793,True,,,,,37,,UPSTREAM_ABSENT,UPSTREAM_ABSENT,UPSTREAM_ABSENT,OK,SERVING_DROP
berezhno-otnositsya-k-zhenschine,/title/berezhno-otnositsya-k-zhenschine/,01a09ea5-abb3-7a1f-81ee-c46d109417d4,False,,,,,True,792972,mdl,False,,,False,True,792972,True,,,,,41,,UPSTREAM_ABSENT,UPSTREAM_ABSENT,UPSTREAM_ABSENT,OK,SERVING_DROP
vo-vseoruzhii-sila-artefaktov,/title/vo-vseoruzhii-sila-artefaktov/,01a09eec-835b-7a2a-8028-2bd949c3f8f4,False,,,,,True,64340,mali,False,,,False,True,64340,True,,,,,42,,UPSTREAM_ABSENT,UPSTREAM_ABSENT,UPSTREAM_ABSENT,OK,SERVING_DROP
podpolnyy-mir,/title/podpolnyy-mir/,01a09ea8-b959-7a21-b2e8-0d928b1a7e34,False,,,,,True,812386,mdl,False,,,False,True,812386,True,,,,,27,,UPSTREAM_ABSENT,UPSTREAM_ABSENT,UPSTREAM_ABSENT,OK,SERVING_DROP
ispoved-shamana,/title/ispoved-shamana/,01a09c73-5f8e-7908-b4da-3afe988500b7,False,,,,44632295,True,788130,mdl,False,,,False,True,788130,True,,,,,27,,UPSTREAM_ABSENT,UPSTREAM_ABSENT,UPSTREAM_ABSENT,OK,SERVING_DROP
operaciya-vozmezdie-2,/title/operaciya-vozmezdie-2/,01a09bc4-7b07-7901-9e89-77cc84a2c62b,False,,,5146946,9601292,True,5146946,kp,False,,,False,True,5146946,True,,,,,32,,UPSTREAM_ABSENT,UPSTREAM_ABSENT,UPSTREAM_ABSENT,OK,SERVING_DROP
ne-sbezhat-ot-zhguchey-lyubvi,/title/ne-sbezhat-ot-zhguchey-lyubvi/,01a09a27-f25a-78ef-a686-85a4e6455b85,False,,,,,True,787714,mdl,False,,,False,True,787714,True,,,,,39,,UPSTREAM_ABSENT,UPSTREAM_ABSENT,UPSTREAM_ABSENT,OK,SERVING_DROP
zakatnaya-lyubov,/title/zakatnaya-lyubov/,01a09a26-99ba-78ef-9799-637001d0a5c0,False,,,,,True,783722,mdl,False,,,False,True,783722,True,,,,,28,,UPSTREAM_ABSENT,UPSTREAM_ABSENT,UPSTREAM_ABSENT,OK,SERVING_DROP
lyubov-tenti-lishniy,/title/lyubov-tenti-lishniy/,01925c2d-6018-7e0d-abf2-75d382dfa40b,True,,,,,True,24699,mali,True,,,True,True,24699,True,,,,,34,,UPSTREAM_ABSENT,UPSTREAM_ABSENT,SERVING_DROP,OK,SERVING_DROP
dni-sakamoto-chast-2,/title/dni-sakamoto-chast-2/,01a09bba-5f87-7901-b838-5bfe4f989e95,False,7.363,7.5,4870795,17069148,True,4870795,kp,False,7.363,7.5,False,True,4870795,True,,,,,34,,SERVING_DROP,SERVING_DROP,UPSTREAM_ABSENT,OK,SERVING_DROP
vospominaniya-pokoynika,/title/vospominaniya-pokoynika/,01a09f5e-af2a-7a39-bde1-23c6049fae19,False,,,5026307,20566308,True,5026307,kp,False,,,False,True,5026307,True,,,,,34,,UPSTREAM_ABSENT,UPSTREAM_ABSENT,UPSTREAM_ABSENT,OK,SERVING_DROP
ispoved-shamana,/title/ispoved-shamana/,01a09c73-5f8e-7908-b4da-3afe988500b7,False,,,,44632295,True,788130,mdl,False,,,False,True,788130,True,,,,,27,,UPSTREAM_ABSENT,UPSTREAM_ABSENT,UPSTREAM_ABSENT,OK,SERVING_DROP
operaciya-vozmezdie-2,/title/operaciya-vozmezdie-2/,01a09bc4-7b07-7901-9e89-77cc84a2c62b,False,,,5146946,9601292,True,5146946,kp,False,,,False,True,5146946,True,,,,,32,,UPSTREAM_ABSENT,UPSTREAM_ABSENT,UPSTREAM_ABSENT,OK,SERVING_DROP
shiku-bentu-i-chudesnoe-derevo-guavy,/title/shiku-bentu-i-chudesnoe-derevo-guavy/,01a09b14-575c-78fe-b23a-62664150803e,False,,7.3,10597344,30868610,True,10597344,kp,False,,7.3,False,True,10597344,True,,,,,46,,UPSTREAM_ABSENT,SERVING_DROP,UPSTREAM_ABSENT,OK,SERVING_DROP
chas-rasplaty-2,/title/chas-rasplaty-2/,019b303b-6537-7224-b044-9da54223bf25,True,7.042,6.3,8085,338337,True,8085,kp,True,7.042,6.3,True,True,8085,True,7.042,6.3,Кинопоиск 7.042,6.3,180,,OK,OK,OK,OK,SERVING_DROP
tayna-zakoldovannogo-zamka,/title/tayna-zakoldovannogo-zamka/,01a09ae0-dd3f-78fe-b176-21665ba2cd7f,False,,,14087323,37604653,True,14087323,kp,False,,,False,True,14087323,True,,,,,38,,UPSTREAM_ABSENT,UPSTREAM_ABSENT,UPSTREAM_ABSENT,OK,SERVING_DROP
monashki-v-bikini,/title/monashki-v-bikini/,01a09adf-d055-78fe-85f4-712eaa89be3c,False,,,,33056211,True,,,False,,,False,True,,False,,,,,28,,UPSTREAM_ABSENT,UPSTREAM_ABSENT,UPSTREAM_ABSENT,OK,UPSTREAM_ABSENT
zlaya-monahinya,/title/zlaya-monahinya/,01a09adf-0a0b-78fe-9c71-2548a5596172,False,,,,38265135,True,,,False,,,False,True,,False,,,,,25,,UPSTREAM_ABSENT,UPSTREAM_ABSENT,UPSTREAM_ABSENT,OK,UPSTREAM_ABSENT
klub-ohotnikov,/title/klub-ohotnikov/,01a09ad3-d076-78fe-bbcc-e62016ca3708,False,,,,39015008,True,,,False,,,False,True,,False,,,,,26,,UPSTREAM_ABSENT,UPSTREAM_ABSENT,UPSTREAM_ABSENT,OK,UPSTREAM_ABSENT
za-maskoy,/title/za-maskoy/,01a09ad6-8a87-78fe-b45c-f78f551c9a65,False,,,,31720963,True,,,False,,,False,True,,False,,,,,21,,UPSTREAM_ABSENT,UPSTREAM_ABSENT,UPSTREAM_ABSENT,OK,UPSTREAM_ABSENT
pohititeli-dush,/title/pohititeli-dush/,01a09ac3-e628-78fa-8716-5c92ee57b6b4,False,,,,37809947,True,,,False,,,False,True,,False,,,,,26,,UPSTREAM_ABSENT,UPSTREAM_ABSENT,UPSTREAM_ABSENT,OK,UPSTREAM_ABSENT
dvoynaya-zhizn-nyani,/title/dvoynaya-zhizn-nyani/,01a09acd-45ee-78fa-9989-8ebdea496004,False,,,,43711245,True,,,False,,,False,True,,False,,,,,30,,UPSTREAM_ABSENT,UPSTREAM_ABSENT,UPSTREAM_ABSENT,OK,UPSTREAM_ABSENT
vysokogore,/title/vysokogore/,0191878d-0a69-7d81-a89f-9b7a88d31d4e,False,,,5461584,27458866,True,5461584,kp,False,,,False,True,5461584,True,,,,,24,,UPSTREAM_ABSENT,UPSTREAM_ABSENT,UPSTREAM_ABSENT,OK,SERVING_DROP
zhavoronok-vzyvaet-k-nebu,/title/zhavoronok-vzyvaet-k-nebu/,01a09eba-42c2-7a22-9027-1fddb5b5ff1b,False,,,,,True,761793,mdl,False,,,False,True,761793,True,,,,,37,,UPSTREAM_ABSENT,UPSTREAM_ABSENT,UPSTREAM_ABSENT,OK,SERVING_DROP
berezhno-otnositsya-k-zhenschine,/title/berezhno-otnositsya-k-zhenschine/,01a09ea5-abb3-7a1f-81ee-c46d109417d4,False,,,,,True,792972,mdl,False,,,False,True,792972,True,,,,,41,,UPSTREAM_ABSENT,UPSTREAM_ABSENT,UPSTREAM_ABSENT,OK,SERVING_DROP
vo-vseoruzhii-sila-artefaktov,/title/vo-vseoruzhii-sila-artefaktov/,01a09eec-835b-7a2a-8028-2bd949c3f8f4,False,,,,,True,64340,mali,False,,,False,True,64340,True,,,,,42,,UPSTREAM_ABSENT,UPSTREAM_ABSENT,UPSTREAM_ABSENT,OK,SERVING_DROP
podpolnyy-mir,/title/podpolnyy-mir/,01a09ea8-b959-7a21-b2e8-0d928b1a7e34,False,,,,,True,812386,mdl,False,,,False,True,812386,True,,,,,27,,UPSTREAM_ABSENT,UPSTREAM_ABSENT,UPSTREAM_ABSENT,OK,SERVING_DROP
ne-sbezhat-ot-zhguchey-lyubvi,/title/ne-sbezhat-ot-zhguchey-lyubvi/,01a09a27-f25a-78ef-a686-85a4e6455b85,False,,,,,True,787714,mdl,False,,,False,True,787714,True,,,,,39,,UPSTREAM_ABSENT,UPSTREAM_ABSENT,UPSTREAM_ABSENT,OK,SERVING_DROP
zakatnaya-lyubov,/title/zakatnaya-lyubov/,01a09a26-99ba-78ef-9799-637001d0a5c0,False,,,,,True,783722,mdl,False,,,False,True,783722,True,,,,,28,,UPSTREAM_ABSENT,UPSTREAM_ABSENT,UPSTREAM_ABSENT,OK,SERVING_DROP
lyubov-tenti-lishniy,/title/lyubov-tenti-lishniy/,01925c2d-6018-7e0d-abf2-75d382dfa40b,True,,,,,True,24699,mali,True,,,True,True,24699,True,,,,,34,,UPSTREAM_ABSENT,UPSTREAM_ABSENT,SERVING_DROP,OK,SERVING_DROP
dni-sakamoto-chast-2,/title/dni-sakamoto-chast-2/,01a09bba-5f87-7901-b838-5bfe4f989e95,False,7.363,7.5,4870795,17069148,True,4870795,kp,False,7.363,7.5,False,True,4870795,True,,,,,34,,SERVING_DROP,SERVING_DROP,UPSTREAM_ABSENT,OK,SERVING_DROP
sinora-volpe,/title/sinora-volpe/,0191516a-ab94-7521-afa6-0be107bcacd2,False,6.512,7.2,4645933,15193160,True,4645933,kp,False,6.512,7.2,False,True,4645933,True,,,,,27,,SERVING_DROP,SERVING_DROP,UPSTREAM_ABSENT,OK,SERVING_DROP
dikaya-yaponiya,/title/dikaya-yaponiya/,01a09b06-89f2-78fe-aad4-4b7102a6e773,False,,,,,True,,,False,,,False,True,,False,,,,,25,,UPSTREAM_ABSENT,UPSTREAM_ABSENT,UPSTREAM_ABSENT,OK,UPSTREAM_ABSENT
podozritelnye-sosedi,/title/podozritelnye-sosedi/,01a09a22-fe74-78ef-99d7-f2f45d6987c6,False,,,,45635702,True,,,False,,,False,True,,False,,,,,34,,UPSTREAM_ABSENT,UPSTREAM_ABSENT,UPSTREAM_ABSENT,OK,UPSTREAM_ABSENT
schenyachiy-patrul-dinofilm,/title/schenyachiy-patrul-dinofilm/,01a089f5-0a50-7eb0-a18f-a0cd06a6eadb,False,,6.2,5610120,29356163,True,5610120,kp,False,,6.2,False,True,5610120,True,,,,,43,,UPSTREAM_ABSENT,SERVING_DROP,UPSTREAM_ABSENT,OK,SERVING_DROP
vpered,/title/vpered/,01a085c0-9e37-7e5d-a836-6f97335fda4f,True,7.8,7.4,1080513,7146812,True,1080513,kp,True,7.8,7.4,True,True,1080513,True,,,,,18,,SERVING_DROP,SERVING_DROP,SERVING_DROP,OK,SERVING_DROP
multachki-bayki-iz-radiator-springs,/title/multachki-bayki-iz-radiator-springs/,01a07066-5724-7558-bfb7-f78cde1c3db1,True,6.37,6.5,946889,3748256,True,946889,kp,True,6.37,6.5,True,True,946889,True,,,,,48,,SERVING_DROP,SERVING_DROP,OK,OK,SERVING_DROP
supersemeyka,/title/supersemeyka/,01a0705a-4bd6-7551-96f0-89acd25660ca,True,7.624,8,38903,0317705,True,38903,kp,True,7.624,8.0,True,True,38903,True,,,,,24,,SERVING_DROP,SERVING_DROP,SERVING_DROP,OK,SERVING_DROP
tofu-boy,/title/tofu-boy/,01a06d37-d2f1-727b-b2f2-18ef64702047,True,,4.8,575573,1779847,True,575573,kp,True,,4.8,True,True,575573,True,,,,,20,,UPSTREAM_ABSENT,SERVING_DROP,SERVING_DROP,OK,SERVING_DROP
lego-zvezdnye-voyny-mandalorec,/title/lego-zvezdnye-voyny-mandalorec/,01a061f2-17aa-7ab6-b8e1-934f750ade36,True,,,13421061,43679852,True,13421061,kp,True,,,True,True,13421061,True,,,,,43,,UPSTREAM_ABSENT,UPSTREAM_ABSENT,OK,OK,SERVING_DROP
dan,/title/dan/,01a05293-329c-7637-9d49-9e5a265647a8,True,,,13856499,40003445,True,13856499,kp,True,,,True,True,13856499,True,,,,,16,,UPSTREAM_ABSENT,UPSTREAM_ABSENT,SERVING_DROP,OK,SERVING_DROP
hranitel-lev-geroi-savanny,/title/hranitel-lev-geroi-savanny/,01a05278-3f8c-7634-a19e-36c310e57075,True,5.033,5.7,927944,4938602,True,927944,kp,True,5.033,5.7,True,True,927944,True,,,,,45,,SERVING_DROP,SERVING_DROP,OK,OK,SERVING_DROP
korol-lev-3-akuna-matata,/title/korol-lev-3-akuna-matata/,01a05277-8c5e-7634-927b-e58486e4db4b,True,7.248,6.5,77040,0318403,True,77040,kp,True,7.248,6.5,True,True,77040,True,,,,,43,,SERVING_DROP,SERVING_DROP,OK,OK,SERVING_DROP
korol-lev-2-gordost-simby,/title/korol-lev-2-gordost-simby/,01a05277-2acb-7634-aa50-ee17e07c1702,True,7.841,6.4,77038,0120131,True,77038,kp,True,7.841,6.4,True,True,77038,True,,,,,45,,SERVING_DROP,SERVING_DROP,OK,OK,SERVING_DROP
legenda-o-zvezdnoy-princesse,/title/legenda-o-zvezdnoy-princesse/,01a05245-7416-75f1-a4c9-a1baa1ad4df1,True,,6.4,11819688,15509636,True,11819688,kp,True,,6.4,True,True,11819688,True,,,,,45,,UPSTREAM_ABSENT,SERVING_DROP,OK,OK,SERVING_DROP
poteryannaya-glava-mest-yuki,/title/poteryannaya-glava-mest-yuki/,01a04341-abc4-74fa-8dfb-8e22c62f8e2e,True,6.074,5.2,10357671,39075285,True,10357671,kp,True,6.074,5.2,True,True,10357671,True,,,,,44,,SERVING_DROP,SERVING_DROP,OK,OK,SERVING_DROP
