domain,full_page,kind,path,url,viewport
animedia.icu,False,home_af,artifacts/evidence/animedia-visual-finalization-2026-09-19/AFTER_LIVE/animedia.icu_home_af_2048x1200.png,https://animedia.icu/,2048x1200
animedia.icu,False,home_af,artifacts/evidence/animedia-visual-finalization-2026-09-19/AFTER_LIVE/animedia.icu_home_af_1440x1100.png,https://animedia.icu/,1440x1100
animedia.icu,False,home_af,artifacts/evidence/animedia-visual-finalization-2026-09-19/AFTER_LIVE/animedia.icu_home_af_768x1024.png,https://animedia.icu/,768x1024
animedia.icu,False,home_af,artifacts/evidence/animedia-visual-finalization-2026-09-19/AFTER_LIVE/animedia.icu_home_af_390x844.png,https://animedia.icu/,390x844
animedia.icu,True,home_full,artifacts/evidence/animedia-visual-finalization-2026-09-19/AFTER_LIVE/animedia.icu_home_full_1440x1100.png,https://animedia.icu/,1440x1100
animedia.icu,False,new,artifacts/evidence/animedia-visual-finalization-2026-09-19/AFTER_LIVE/animedia.icu_new_1440x1100.png,https://animedia.icu/new/,1440x1100
animedia.icu,False,catalog,artifacts/evidence/animedia-visual-finalization-2026-09-19/AFTER_LIVE/animedia.icu_catalog_1440x1100.png,https://animedia.icu/catalog/,1440x1100
animedia.icu,False,collections,artifacts/evidence/animedia-visual-finalization-2026-09-19/AFTER_LIVE/animedia.icu_collections_1440x1100.png,https://animedia.icu/collections/,1440x1100
animedia.icu,False,movie_summary,artifacts/evidence/animedia-visual-finalization-2026-09-19/AFTER_LIVE/animedia.icu_movie_summary_1440x1100.png,https://animedia.icu/title/nelyud-chast-2/,1440x1100
animedia.icu,False,episodic_summary,artifacts/evidence/animedia-visual-finalization-2026-09-19/AFTER_LIVE/animedia.icu_episodic_summary_1440x1100.png,https://animedia.icu/title/master-lda-i-plameni-2/,1440x1100
animedia.icu,False,footer,artifacts/evidence/animedia-visual-finalization-2026-09-19/AFTER_LIVE/animedia.icu_footer_1440x1100.png,https://animedia.icu/,1440x1100
animedia.icu,True,home_full,artifacts/evidence/animedia-visual-finalization-2026-09-19/AFTER_LIVE/animedia.icu_home_full_390x844.png,https://animedia.icu/,390x844
animedia.icu,False,new,artifacts/evidence/animedia-visual-finalization-2026-09-19/AFTER_LIVE/animedia.icu_new_390x844.png,https://animedia.icu/new/,390x844
animedia.icu,False,catalog,artifacts/evidence/animedia-visual-finalization-2026-09-19/AFTER_LIVE/animedia.icu_catalog_390x844.png,https://animedia.icu/catalog/,390x844
animedia.icu,False,collections,artifacts/evidence/animedia-visual-finalization-2026-09-19/AFTER_LIVE/animedia.icu_collections_390x844.png,https://animedia.icu/collections/,390x844
animedia.icu,False,movie_summary,artifacts/evidence/animedia-visual-finalization-2026-09-19/AFTER_LIVE/animedia.icu_movie_summary_390x844.png,https://animedia.icu/title/nelyud-chast-2/,390x844
animedia.icu,False,episodic_summary,artifacts/evidence/animedia-visual-finalization-2026-09-19/AFTER_LIVE/animedia.icu_episodic_summary_390x844.png,https://animedia.icu/title/master-lda-i-plameni-2/,390x844
animedia.icu,False,footer,artifacts/evidence/animedia-visual-finalization-2026-09-19/AFTER_LIVE/animedia.icu_footer_390x844.png,https://animedia.icu/,390x844
animedia.icu,False,new_p2,artifacts/evidence/animedia-visual-finalization-2026-09-19/AFTER_LIVE/animedia.icu_new_p2_1440x1100.png,https://animedia.icu/new/?page=2,1440x1100
animedia.icu,False,catalog_year,artifacts/evidence/animedia-visual-finalization-2026-09-19/AFTER_LIVE/animedia.icu_catalog_year_1440x1100.png,https://animedia.icu/catalog/?year=2026,1440x1100
animedia.icu,False,catalog_p2,artifacts/evidence/animedia-visual-finalization-2026-09-19/AFTER_LIVE/animedia.icu_catalog_p2_1440x1100.png,https://animedia.icu/catalog/?page=2,1440x1100
animedia.icu,False,player_ep,artifacts/evidence/animedia-visual-finalization-2026-09-19/AFTER_LIVE/animedia.icu_player_ep_1440x1100.png,https://animedia.icu/title/master-lda-i-plameni-2/season-2/episode-104/,1440x1100
animedia.icu,False,player_ep,artifacts/evidence/animedia-visual-finalization-2026-09-19/AFTER_LIVE/animedia.icu_player_ep_390x844.png,https://animedia.icu/title/master-lda-i-plameni-2/season-2/episode-104/,390x844
animedia.icu,False,marker,artifacts/evidence/animedia-visual-finalization-2026-09-19/AFTER_LIVE/animedia.icu_marker_1440x1100.png,https://animedia.icu/,1440x1100
animedia.space,False,home_af,artifacts/evidence/animedia-visual-finalization-2026-09-19/AFTER_LIVE/animedia.space_home_af_2048x1200.png,https://animedia.space/,2048x1200
animedia.space,False,home_af,artifacts/evidence/animedia-visual-finalization-2026-09-19/AFTER_LIVE/animedia.space_home_af_1440x1100.png,https://animedia.space/,1440x1100
animedia.space,False,home_af,artifacts/evidence/animedia-visual-finalization-2026-09-19/AFTER_LIVE/animedia.space_home_af_768x1024.png,https://animedia.space/,768x1024
animedia.space,False,home_af,artifacts/evidence/animedia-visual-finalization-2026-09-19/AFTER_LIVE/animedia.space_home_af_390x844.png,https://animedia.space/,390x844
animedia.space,True,home_full,artifacts/evidence/animedia-visual-finalization-2026-09-19/AFTER_LIVE/animedia.space_home_full_1440x1100.png,https://animedia.space/,1440x1100
animedia.space,False,new,artifacts/evidence/animedia-visual-finalization-2026-09-19/AFTER_LIVE/animedia.space_new_1440x1100.png,https://animedia.space/new/,1440x1100
animedia.space,False,catalog,artifacts/evidence/animedia-visual-finalization-2026-09-19/AFTER_LIVE/animedia.space_catalog_1440x1100.png,https://animedia.space/catalog/,1440x1100
animedia.space,False,collections,artifacts/evidence/animedia-visual-finalization-2026-09-19/AFTER_LIVE/animedia.space_collections_1440x1100.png,https://animedia.space/collections/,1440x1100
animedia.space,False,movie_summary,artifacts/evidence/animedia-visual-finalization-2026-09-19/AFTER_LIVE/animedia.space_movie_summary_1440x1100.png,https://animedia.space/title/nelyud-chast-2/,1440x1100
animedia.space,False,episodic_summary,artifacts/evidence/animedia-visual-finalization-2026-09-19/AFTER_LIVE/animedia.space_episodic_summary_1440x1100.png,https://animedia.space/title/master-lda-i-plameni-2/,1440x1100
animedia.space,False,footer,artifacts/evidence/animedia-visual-finalization-2026-09-19/AFTER_LIVE/animedia.space_footer_1440x1100.png,https://animedia.space/,1440x1100
animedia.space,True,home_full,artifacts/evidence/animedia-visual-finalization-2026-09-19/AFTER_LIVE/animedia.space_home_full_390x844.png,https://animedia.space/,390x844
animedia.space,False,new,artifacts/evidence/animedia-visual-finalization-2026-09-19/AFTER_LIVE/animedia.space_new_390x844.png,https://animedia.space/new/,390x844
animedia.space,False,catalog,artifacts/evidence/animedia-visual-finalization-2026-09-19/AFTER_LIVE/animedia.space_catalog_390x844.png,https://animedia.space/catalog/,390x844
animedia.space,False,collections,artifacts/evidence/animedia-visual-finalization-2026-09-19/AFTER_LIVE/animedia.space_collections_390x844.png,https://animedia.space/collections/,390x844
animedia.space,False,movie_summary,artifacts/evidence/animedia-visual-finalization-2026-09-19/AFTER_LIVE/animedia.space_movie_summary_390x844.png,https://animedia.space/title/nelyud-chast-2/,390x844
animedia.space,False,episodic_summary,artifacts/evidence/animedia-visual-finalization-2026-09-19/AFTER_LIVE/animedia.space_episodic_summary_390x844.png,https://animedia.space/title/master-lda-i-plameni-2/,390x844
animedia.space,False,footer,artifacts/evidence/animedia-visual-finalization-2026-09-19/AFTER_LIVE/animedia.space_footer_390x844.png,https://animedia.space/,390x844
animedia.space,False,new_p2,artifacts/evidence/animedia-visual-finalization-2026-09-19/AFTER_LIVE/animedia.space_new_p2_1440x1100.png,https://animedia.space/new/?page=2,1440x1100
animedia.space,False,catalog_year,artifacts/evidence/animedia-visual-finalization-2026-09-19/AFTER_LIVE/animedia.space_catalog_year_1440x1100.png,https://animedia.space/catalog/?year=2026,1440x1100
animedia.space,False,catalog_p2,artifacts/evidence/animedia-visual-finalization-2026-09-19/AFTER_LIVE/animedia.space_catalog_p2_1440x1100.png,https://animedia.space/catalog/?page=2,1440x1100
animedia.space,False,player_ep,artifacts/evidence/animedia-visual-finalization-2026-09-19/AFTER_LIVE/animedia.space_player_ep_1440x1100.png,https://animedia.space/title/master-lda-i-plameni-2/season-2/episode-104/,1440x1100
animedia.space,False,player_ep,artifacts/evidence/animedia-visual-finalization-2026-09-19/AFTER_LIVE/animedia.space_player_ep_390x844.png,https://animedia.space/title/master-lda-i-plameni-2/season-2/episode-104/,390x844
animedia.space,False,marker,artifacts/evidence/animedia-visual-finalization-2026-09-19/AFTER_LIVE/animedia.space_marker_1440x1100.png,https://animedia.space/,1440x1100
animedia.icu,,cache_reload,artifacts/evidence/animedia-visual-finalization-2026-09-19/AFTER_LIVE/animedia.icu_cache_reload_1440x900.png,,1440x900
animedia.space,,cache_reload,artifacts/evidence/animedia-visual-finalization-2026-09-19/AFTER_LIVE/animedia.space_cache_reload_1440x900.png,,1440x900
