canonical_title_id,external_id,validation_state,normalized_score,vote_count
nova:01a09bba-5f87-7901-b838-5bfe4f989e95,60285,VALID,7.9,8551
nova:01a09ca4-8129-7909-a3fe-325fae8f1f61,58057,VALID,6.96,157
nova:01a09cb3-b7db-7909-894a-831818257ce8,10058,VALID,6.02,5
nova:01a09ccb-32a4-7909-a634-56dc6065f830,1006,VALID,7.44,254
nova:01a09ccc-73b1-7909-9932-01bae7df7da1,10074,VALID,6.69,284
nova:01a09ccf-5b2b-7909-ab02-74e63bbb46c2,10177,VALID,6.03,94
nova:01a09cd2-db3b-7909-bb57-13a2bf382145,10191,VALID,6.86,1352
nova:01a09cd5-6a1b-7909-a71b-0696fa4f29b3,1022,VALID,6.92,97
nova:01a09cd8-d08c-7909-afa9-b988ca6c3fdf,1034,VALID,7.47,1544
nova:01a09cdd-5599-7909-be3d-76237d08c43a,10405,VALID,6.14,287
nova:01a09ce0-7b41-7909-9970-51bdb3121042,30868,VALID,7.41,2665
nova:01a09ce3-bf37-7909-820d-c8ac3b116f28,10017,VALID,6.58,356
nova:01a09ceb-cf13-7909-9f0d-55cc4ff59423,1911,VALID,7.39,340
nova:01a09ced-2b8c-7909-94c8-b6714f1d8109,1002,VALID,7.62,2199
nova:01a09cf5-02a7-7909-b8f3-4ee5e72de92e,10209,VALID,7.35,5047
nova:01a09cf8-2fc0-7909-b31d-82452b65a3f4,15437,VALID,7.41,4242
nova:01a09cfb-640a-7909-be9f-a03fb2178c42,10338,VALID,6.47,221
nova:01a09d02-7e49-7909-9c6c-961b9d115d27,10417,VALID,5.32,5804
nova:01a09d05-ab74-7909-b087-1ffc479aec8b,10448,VALID,7.08,1984
nova:01a09d0a-504b-7909-ac34-43a702b6d3c9,1049,VALID,6.91,516
nova:01a09d0b-9513-7909-a38f-900e1d9f8b62,10501,VALID,5.99,221
nova:01a09d0c-f740-7909-b36f-3689522bf61e,10500,VALID,7.48,1275
nova:01a0aa6e-2008-70d0-89d1-1af7b85336b1,30869,VALID,7.2,1277
nova:01a0af3f-a972-76be-a845-326a4a565a93,33253,VALID,7.55,11708
nova:01a0b507-3280-7b2a-8af4-674dd73cff72,53477,VALID,7.12,236
nova:01a0251f-eba3-71bb-b187-3d40150e8108,16273,VALID,7.45,2218
nova:01a02aaa-f467-7252-82ef-5d32893a17cc,23385,VALID,7.61,7974
nova:01a0301c-063b-7353-87b0-dc8f89d41c52,2260,VALID,6.15,47
nova:01a06809-263c-79e9-96c8-e9d9cca30084,1021,VALID,7.36,253
nova:01a06cf5-9cf8-7275-b1a9-2e283bf0f006,10029,VALID,7.78,9636
nova:01a06d37-d2f1-727b-b2f2-18ef64702047,10261,VALID,5.75,21
nova:01a06d4d-4b5c-727b-b63b-9b37acbc43f2,10013,VALID,6.46,37
nova:01a071de-4844-7568-904c-56256c7f4048,63138,VALID,6.87,39
nova:01a07e0c-5e70-7357-8f3a-0d99dbd88208,10055,VALID,6.35,227
nova:01a07e11-f100-7357-9899-e43068add5b6,1037,VALID,6.04,182
nova:01a07e16-4af0-7357-ac5d-846ab524751d,3004,VALID,6.34,69
nova:01a088fb-b68f-7ea3-a402-607f146bf613,63011,VALID,7.95,13
nova:019d2d45-c348-736d-942a-94d5504a1647,61626,VALID,6.88,86
nova:019d2eff-d7ea-7f90-b8b2-62809d948cd8,60778,VALID,6.57,57
nova:019d2f13-a351-722b-ab1e-f878cdb60dc5,47351,VALID,7.56,463
nova:019d2f14-98a1-7804-a272-a1b4b49eba29,44407,VALID,7.34,405
nova:019d2f14-9ad2-774c-a971-a1dd0290db15,43590,VALID,7.02,254
nova:019d2f15-8dbd-7790-9d17-366258ee0988,43919,VALID,7.33,313
nova:019d2f17-71e7-73b6-8cc0-b34a1660c756,43522,VALID,6.93,199
nova:019d2f19-581a-7763-84fe-00b60838ea43,48554,VALID,7.33,413
nova:019d2f21-e7e2-798b-a8f6-89e0470e023f,47402,VALID,7.7,601
nova:019d2f27-b451-7d21-baaa-7e72dd8ab92c,42783,VALID,7.08,226
nova:019d2f29-9e54-740f-8898-539ba46c8483,38921,VALID,7.27,1180
nova:019d2f2d-692b-7ac8-ad45-d5637f83422a,8364,VALID,7.26,8
nova:019d2f5c-b508-7f03-aac5-ab868dc7ef6b,38002,VALID,7.59,2116
nova:019d2f86-ebb3-7462-b284-21257d5f0ba7,37959,VALID,7.75,667
nova:019d2fb2-498a-7bf6-b0ab-fd7d358f26df,37306,VALID,7.6,1272
nova:019d2fb2-4bc3-79ad-8e43-79c8e17d0a4d,37307,VALID,7.18,1038
nova:019d2fc4-3ef5-7b56-98ff-0bee4a191ebd,37266,VALID,7.35,472
nova:019d31ac-2b24-779a-be10-bc166e679b30,37178,VALID,7.17,69
nova:019d3e95-f9e9-7dc4-b678-1cd19c8d8ed4,61443,VALID,7.72,1254
nova:019d4295-5ce1-7c26-9744-3ad6d2c6a332,56906,VALID,6.69,1280
nova:019d4388-1bf0-7a1c-bdc9-c8bf380b5d4f,62066,VALID,5.76,26
nova:019d440b-362a-7268-912a-431d9b4d502c,38804,VALID,7.47,38
nova:019d4555-03a0-7250-8eb4-93cb7d674b78,62825,VALID,5.84,2764
nova:019d495f-d54f-7a84-9b02-81a411771455,59708,VALID,7.83,9176
nova:019d49b6-6287-7332-bf69-810267c88a75,62342,VALID,6.92,453
nova:019d4a4e-1be7-74dd-adf3-17c00ff49650,62893,VALID,7.14,1398
nova:019d4b36-552e-7e4c-939c-9e2d0a8fef4d,40517,VALID,5.91,154
nova:019d4b4c-486a-7e59-bf8b-f99956b32acd,62512,VALID,6.76,992
nova:019d4b5f-356b-7b22-9243-59357b327a55,57779,VALID,8.45,5061
nova:019d4bdf-b2a1-7a84-98cd-53a8975e0204,61831,VALID,6.53,3261
nova:019d4e98-942d-79b6-95e1-2fc4960f76d0,62568,VALID,8.26,6906
nova:019d4f7b-4330-745c-93c9-a67bd239d8de,60852,VALID,8.25,3258
nova:019d4f8c-fb24-7493-8b78-877ebabf0c61,61943,VALID,6.61,1445
nova:019d4f8d-ebbc-7da4-b899-733f43ff8a11,62964,VALID,6.22,834
nova:019d4f8e-dc65-79d7-bf97-f9b2358699d3,59835,VALID,7.16,417
nova:019d4f91-ab03-73fc-820d-084f42c34689,59443,VALID,6.07,979
nova:019d5252-baf3-7889-926a-126ff0e3d1d0,63304,VALID,6.06,1312
nova:019d53b1-b653-72c1-9b05-c98ef104a6b8,61687,VALID,7.67,2780
nova:019d53f7-4d1b-7caf-ab38-9c3dce36c270,56876,VALID,7.0,3598
nova:019d5673-87c6-7357-b506-4a7a8354399a,62068,VALID,6.95,316
nova:019d5873-f4a7-7e21-921d-fa5e36ab0703,60153,VALID,6.53,11
nova:019d587a-7c29-7a61-a23d-150b663ab619,57466,VALID,7.74,914
nova:019d587d-4ad7-76ab-9aaa-cdad67d697ab,60310,VALID,8.08,547
nova:019d59e1-8b7b-77fb-be95-4c68b4cfbc97,62001,VALID,7.86,1631
nova:019d59f0-71fa-74a3-934f-94f13731792c,62913,VALID,6.9,1313
nova:019d5a1f-e8ca-7b0f-bd7c-416828314b34,62050,VALID,7.16,1466
nova:019d5a22-b721-74c7-adb6-43f7ba8c6b24,62164,VALID,7.94,1247
nova:019d5a26-7fc0-7bd1-b91a-e99bae8b7471,61501,VALID,7.08,1796
nova:019d5a28-5f01-7cef-926b-83262ad03d34,62048,VALID,6.95,256
nova:019d5dd9-0483-7af5-afe1-a0b24e5b5c04,63606,VALID,7.71,147
nova:019d5dfd-cb88-7f2f-aab3-31682d9f2208,63433,VALID,5.32,316
nova:019d5e43-97e4-70ba-ad55-3122a4da2041,58877,VALID,8.03,287
nova:019d5ea2-7983-7c8d-90c5-b83443bb5c6d,63375,VALID,8.53,4639
nova:019d5ec6-cf97-72ac-830b-f8edb2ea67e0,62852,VALID,5.35,83
nova:019d5ed4-ab6e-73fe-995c-891ce7c6c043,63857,VALID,6.67,414
nova:019d638b-164b-7203-aae7-4307acd8ebad,51553,VALID,8.48,12686
