file,url,viewport,build,ts
animedia.icu-home-page1-1440.png,https://animedia.icu/,1440x900,Animedia 1.2.3 · 3e66dfd,2026-09-19T20:16:49Z
animedia.icu-home-page1-768.png,https://animedia.icu/,768x1024,Animedia 1.2.3 · 3e66dfd,2026-09-19T20:16:51Z
animedia.icu-home-page1-390.png,https://animedia.icu/,390x844,Animedia 1.2.3 · 3e66dfd,2026-09-19T20:16:53Z
animedia.icu-new-page1-1440.png,https://animedia.icu/new/,1440x900,Animedia 1.2.3 · 3e66dfd,2026-09-19T20:16:54Z
animedia.icu-new-page1-390.png,https://animedia.icu/new/,390x844,Animedia 1.2.3 · 3e66dfd,2026-09-19T20:16:55Z
animedia.icu-new-page2-1440.png,https://animedia.icu/new/?page=2,1440x900,Animedia 1.2.3 · 3e66dfd,2026-09-19T20:16:57Z
animedia.icu-new-page2-390.png,https://animedia.icu/new/?page=2,390x844,Animedia 1.2.3 · 3e66dfd,2026-09-19T20:16:58Z
animedia.icu-new-last-page-1440.png,https://animedia.icu/new/?page=550,1440x900,Animedia 1.2.3 · 3e66dfd,2026-09-19T20:16:59Z
animedia.space-home-page1-1440.png,https://animedia.space/,1440x900,Animedia 1.2.3 · 3e66dfd,2026-09-19T20:17:08Z
animedia.space-home-page1-768.png,https://animedia.space/,768x1024,Animedia 1.2.3 · 3e66dfd,2026-09-19T20:17:09Z
animedia.space-home-page1-390.png,https://animedia.space/,390x844,Animedia 1.2.3 · 3e66dfd,2026-09-19T20:17:11Z
animedia.space-new-page1-1440.png,https://animedia.space/new/,1440x900,Animedia 1.2.3 · 3e66dfd,2026-09-19T20:17:13Z
animedia.space-new-page1-390.png,https://animedia.space/new/,390x844,Animedia 1.2.3 · 3e66dfd,2026-09-19T20:17:14Z
animedia.space-new-page2-1440.png,https://animedia.space/new/?page=2,1440x900,Animedia 1.2.3 · 3e66dfd,2026-09-19T20:17:15Z
animedia.space-new-page2-390.png,https://animedia.space/new/?page=2,390x844,Animedia 1.2.3 · 3e66dfd,2026-09-19T20:17:16Z
animedia.space-new-last-page-1440.png,https://animedia.space/new/?page=550,1440x900,Animedia 1.2.3 · 3e66dfd,2026-09-19T20:17:18Z
