brokenPosters,cardN,clientW,heightMismatch,id_sample,overflow,path,route,scrollW,unlabeled,vp
0,60,1920,False,"/title/tancuy-chtoby-zhit/,/title/svinorez/,/title/kadaknath/,/title/sheri-lyubov-moya/",False,/,home,1920,0,1920x1080
0,28,1920,False,"/title/pust-muzyka-letit/,/title/cvet-zla-chernyy/,/title/nikakih-zhenschin-nikakih-detey/,/title/den-razoblacheniya/",False,/movies/,movies,1920,0,1920x1080
0,28,1920,False,"/title/legenda-ob-aange-posledniy-mag-vozduha/,/title/pust-muzyka-letit/,/title/rashititel-grobnic/,/title/pylayuschee-leto/",False,/catalog/,catalog,1920,0,1920x1080
0,28,1920,False,"/title/moya-komandirsha/,/title/bts-bon-voyazh-4/,/title/lyubov-v-realnom-vremeni/,/title/dengi-na-bochku-8/",False,/catalog/?year=2019,year-2019,1920,0,1920x1080
0,0,1920,False,,False,/collections/,collections,1920,0,1920x1080
0,12,1920,False,"/title/imperatorskaya-nalozhnica-2/,/title/cin-cin-v-moem-serdce/,/title/alyans-sovetnikov/,/title/zvezdnaya-noch-zvezdnoe-more-2/",False,/title/chasha-vesny/,title,1920,0,1920x1080
0,4,1920,False,"/title/chasha-vesny/,/title/chasha-snega/,/title/antologiya-uzhasov-demonicheskaya-chasha/,/title/zolotaya-chasha/",False,/search/?q=чаша,search,1920,0,1920x1080
0,60,1920,False,"/title/tancuy-chtoby-zhit/,/title/svinorez/,/title/kadaknath/,/title/sheri-lyubov-moya/",False,/,footer,1920,0,1920x1080
0,0,1920,False,,False,/no-such-zona-page/,404,1920,0,1920x1080
0,60,1440,False,"/title/tancuy-chtoby-zhit/,/title/svinorez/,/title/kadaknath/,/title/sheri-lyubov-moya/",False,/,home,1440,0,1440x1000
0,28,1440,False,"/title/pust-muzyka-letit/,/title/cvet-zla-chernyy/,/title/nikakih-zhenschin-nikakih-detey/,/title/den-razoblacheniya/",False,/movies/,movies,1440,0,1440x1000
0,28,1440,False,"/title/legenda-ob-aange-posledniy-mag-vozduha/,/title/pust-muzyka-letit/,/title/rashititel-grobnic/,/title/pylayuschee-leto/",False,/catalog/,catalog,1440,0,1440x1000
0,28,1440,False,"/title/moya-komandirsha/,/title/bts-bon-voyazh-4/,/title/lyubov-v-realnom-vremeni/,/title/dengi-na-bochku-8/",False,/catalog/?year=2019,year-2019,1440,0,1440x1000
0,0,1440,False,,False,/collections/,collections,1440,0,1440x1000
0,12,1440,False,"/title/imperatorskaya-nalozhnica-2/,/title/cin-cin-v-moem-serdce/,/title/alyans-sovetnikov/,/title/zvezdnaya-noch-zvezdnoe-more-2/",False,/title/chasha-vesny/,title,1440,0,1440x1000
0,4,1440,False,"/title/chasha-vesny/,/title/chasha-snega/,/title/antologiya-uzhasov-demonicheskaya-chasha/,/title/zolotaya-chasha/",False,/search/?q=чаша,search,1440,0,1440x1000
0,60,1440,False,"/title/tancuy-chtoby-zhit/,/title/svinorez/,/title/kadaknath/,/title/sheri-lyubov-moya/",False,/,footer,1440,0,1440x1000
0,0,1440,False,,False,/no-such-zona-page/,404,1440,0,1440x1000
0,60,1365,False,"/title/tancuy-chtoby-zhit/,/title/svinorez/,/title/kadaknath/,/title/sheri-lyubov-moya/",False,/,home,1365,0,1365x900
0,28,1365,False,"/title/pust-muzyka-letit/,/title/cvet-zla-chernyy/,/title/nikakih-zhenschin-nikakih-detey/,/title/den-razoblacheniya/",False,/movies/,movies,1365,0,1365x900
0,28,1365,False,"/title/legenda-ob-aange-posledniy-mag-vozduha/,/title/pust-muzyka-letit/,/title/rashititel-grobnic/,/title/pylayuschee-leto/",False,/catalog/,catalog,1365,0,1365x900
0,28,1365,False,"/title/moya-komandirsha/,/title/bts-bon-voyazh-4/,/title/lyubov-v-realnom-vremeni/,/title/dengi-na-bochku-8/",False,/catalog/?year=2019,year-2019,1365,0,1365x900
0,0,1365,False,,False,/collections/,collections,1365,0,1365x900
0,12,1365,False,"/title/imperatorskaya-nalozhnica-2/,/title/cin-cin-v-moem-serdce/,/title/alyans-sovetnikov/,/title/zvezdnaya-noch-zvezdnoe-more-2/",False,/title/chasha-vesny/,title,1365,0,1365x900
0,4,1365,False,"/title/chasha-vesny/,/title/chasha-snega/,/title/antologiya-uzhasov-demonicheskaya-chasha/,/title/zolotaya-chasha/",False,/search/?q=чаша,search,1365,0,1365x900
0,60,1365,False,"/title/tancuy-chtoby-zhit/,/title/svinorez/,/title/kadaknath/,/title/sheri-lyubov-moya/",False,/,footer,1365,0,1365x900
0,0,1365,False,,False,/no-such-zona-page/,404,1365,0,1365x900
0,60,1024,False,"/title/tancuy-chtoby-zhit/,/title/svinorez/,/title/kadaknath/,/title/sheri-lyubov-moya/",False,/,home,1024,0,1024x768
0,28,1024,False,"/title/pust-muzyka-letit/,/title/cvet-zla-chernyy/,/title/nikakih-zhenschin-nikakih-detey/,/title/den-razoblacheniya/",False,/movies/,movies,1024,0,1024x768
0,28,1024,False,"/title/legenda-ob-aange-posledniy-mag-vozduha/,/title/pust-muzyka-letit/,/title/rashititel-grobnic/,/title/pylayuschee-leto/",False,/catalog/,catalog,1024,0,1024x768
0,28,1024,False,"/title/moya-komandirsha/,/title/bts-bon-voyazh-4/,/title/lyubov-v-realnom-vremeni/,/title/dengi-na-bochku-8/",False,/catalog/?year=2019,year-2019,1024,0,1024x768
0,0,1024,False,,False,/collections/,collections,1024,0,1024x768
0,12,1024,False,"/title/imperatorskaya-nalozhnica-2/,/title/cin-cin-v-moem-serdce/,/title/alyans-sovetnikov/,/title/zvezdnaya-noch-zvezdnoe-more-2/",False,/title/chasha-vesny/,title,1024,0,1024x768
0,4,1024,False,"/title/chasha-vesny/,/title/chasha-snega/,/title/antologiya-uzhasov-demonicheskaya-chasha/,/title/zolotaya-chasha/",False,/search/?q=чаша,search,1024,0,1024x768
0,60,1024,False,"/title/tancuy-chtoby-zhit/,/title/svinorez/,/title/kadaknath/,/title/sheri-lyubov-moya/",False,/,footer,1024,0,1024x768
0,0,1024,False,,False,/no-such-zona-page/,404,1024,0,1024x768
0,60,768,False,"/title/tancuy-chtoby-zhit/,/title/svinorez/,/title/kadaknath/,/title/sheri-lyubov-moya/",False,/,home,768,0,768x1024
0,28,768,False,"/title/pust-muzyka-letit/,/title/cvet-zla-chernyy/,/title/nikakih-zhenschin-nikakih-detey/,/title/den-razoblacheniya/",False,/movies/,movies,768,0,768x1024
0,28,768,False,"/title/legenda-ob-aange-posledniy-mag-vozduha/,/title/pust-muzyka-letit/,/title/rashititel-grobnic/,/title/pylayuschee-leto/",False,/catalog/,catalog,768,0,768x1024
0,28,768,False,"/title/moya-komandirsha/,/title/bts-bon-voyazh-4/,/title/lyubov-v-realnom-vremeni/,/title/dengi-na-bochku-8/",False,/catalog/?year=2019,year-2019,768,0,768x1024
0,0,768,False,,False,/collections/,collections,768,0,768x1024
0,12,768,False,"/title/imperatorskaya-nalozhnica-2/,/title/cin-cin-v-moem-serdce/,/title/alyans-sovetnikov/,/title/zvezdnaya-noch-zvezdnoe-more-2/",False,/title/chasha-vesny/,title,768,0,768x1024
0,4,768,False,"/title/chasha-vesny/,/title/chasha-snega/,/title/antologiya-uzhasov-demonicheskaya-chasha/,/title/zolotaya-chasha/",False,/search/?q=чаша,search,768,0,768x1024
0,60,768,False,"/title/tancuy-chtoby-zhit/,/title/svinorez/,/title/kadaknath/,/title/sheri-lyubov-moya/",False,/,footer,768,0,768x1024
0,0,768,False,,False,/no-such-zona-page/,404,768,0,768x1024
0,60,390,False,"/title/tancuy-chtoby-zhit/,/title/svinorez/,/title/kadaknath/,/title/sheri-lyubov-moya/",False,/,home,390,0,390x844
0,28,390,False,"/title/pust-muzyka-letit/,/title/cvet-zla-chernyy/,/title/nikakih-zhenschin-nikakih-detey/,/title/den-razoblacheniya/",False,/movies/,movies,390,0,390x844
0,28,390,False,"/title/legenda-ob-aange-posledniy-mag-vozduha/,/title/pust-muzyka-letit/,/title/rashititel-grobnic/,/title/pylayuschee-leto/",False,/catalog/,catalog,390,0,390x844
0,28,390,False,"/title/moya-komandirsha/,/title/bts-bon-voyazh-4/,/title/lyubov-v-realnom-vremeni/,/title/dengi-na-bochku-8/",False,/catalog/?year=2019,year-2019,390,0,390x844
0,0,390,False,,False,/collections/,collections,390,0,390x844
0,12,390,False,"/title/imperatorskaya-nalozhnica-2/,/title/cin-cin-v-moem-serdce/,/title/alyans-sovetnikov/,/title/zvezdnaya-noch-zvezdnoe-more-2/",False,/title/chasha-vesny/,title,390,0,390x844
0,4,390,False,"/title/chasha-vesny/,/title/chasha-snega/,/title/antologiya-uzhasov-demonicheskaya-chasha/,/title/zolotaya-chasha/",False,/search/?q=чаша,search,390,0,390x844
0,60,390,False,"/title/tancuy-chtoby-zhit/,/title/svinorez/,/title/kadaknath/,/title/sheri-lyubov-moya/",False,/,footer,390,0,390x844
0,0,390,False,,False,/no-such-zona-page/,404,390,0,390x844
0,60,360,False,"/title/tancuy-chtoby-zhit/,/title/svinorez/,/title/kadaknath/,/title/sheri-lyubov-moya/",False,/,home,360,0,360x800
0,28,360,False,"/title/pust-muzyka-letit/,/title/cvet-zla-chernyy/,/title/nikakih-zhenschin-nikakih-detey/,/title/den-razoblacheniya/",False,/movies/,movies,360,0,360x800
0,28,360,False,"/title/legenda-ob-aange-posledniy-mag-vozduha/,/title/pust-muzyka-letit/,/title/rashititel-grobnic/,/title/pylayuschee-leto/",False,/catalog/,catalog,360,0,360x800
0,28,360,False,"/title/moya-komandirsha/,/title/bts-bon-voyazh-4/,/title/lyubov-v-realnom-vremeni/,/title/dengi-na-bochku-8/",False,/catalog/?year=2019,year-2019,360,0,360x800
0,0,360,False,,False,/collections/,collections,360,0,360x800
0,12,360,False,"/title/imperatorskaya-nalozhnica-2/,/title/cin-cin-v-moem-serdce/,/title/alyans-sovetnikov/,/title/zvezdnaya-noch-zvezdnoe-more-2/",False,/title/chasha-vesny/,title,360,0,360x800
0,4,360,False,"/title/chasha-vesny/,/title/chasha-snega/,/title/antologiya-uzhasov-demonicheskaya-chasha/,/title/zolotaya-chasha/",False,/search/?q=чаша,search,360,0,360x800
0,60,360,False,"/title/tancuy-chtoby-zhit/,/title/svinorez/,/title/kadaknath/,/title/sheri-lyubov-moya/",False,/,footer,360,0,360x800
0,0,360,False,,False,/no-such-zona-page/,404,360,0,360x800
