site,block,href,w,h,hasImg,imgNaturalW,fallbackLetter,titleOverflow,title,broken_poster
lords-01,Премьеры недели,/title/nedetskie-igry-2/,171,352,True,500,True,False,Недетские игры,0
lords-01,Премьеры недели,/title/pravda-ili-zagovor/,171,352,True,500,True,True,Правда или заговор,0
lords-01,Премьеры недели,/title/reznya-v-norton-krik/,171,352,True,500,True,True,Резня в Нортон-Крик,0
lords-01,Премьеры недели,/title/pervenec-2/,171,352,True,500,True,False,Первенец,0
lords-01,Премьеры недели,/title/princessa-i-drakon/,171,352,True,500,True,True,Принцесса и дракон,0
lords-01,Премьеры недели,/title/chya-eto-sobaka/,171,352,True,300,True,False,Чья это собака?,0
lords-01,Премьеры недели,/title/do-kraya-sveta/,171,352,True,500,True,False,До края света,0
lords-01,Премьеры недели,/title/elaydzha-pil/,171,352,True,500,True,False,Элайджа Пил,0
lords-01,Премьеры недели,/title/otgoloski-iz-pustoty/,171,352,True,500,True,True,Отголоски из пустоты,0
lords-01,Премьеры недели,/title/bratya-po-oruzhiyu-nasledie/,171,352,True,300,True,True,Братья по оружию: Наследие,0
lords-01,Премьеры недели,/title/materinskaya-lihoradka/,171,352,True,375,True,True,Материнская лихорадка,0
lords-01,Премьеры недели,/title/ty-ya-protiv-vsego-mira/,171,352,True,299,True,True,Ты + Я — против всего мира,0
lords-01,Фильмы по жанрам,/title/parshivye-ovcy-2/,171,352,True,300,True,False,Паршивые овцы,0
lords-01,Фильмы по жанрам,/title/posledniy-prokat/,171,352,True,500,True,False,Последний прокат,0
lords-01,Фильмы по жанрам,/title/umnica-gudi/,171,352,True,300,True,False,Умница Гуди,0
lords-01,Фильмы по жанрам,/title/luchshie-iz-luchshih-2/,171,352,True,500,True,False,Лучшие из лучших,0
lords-01,Фильмы по жанрам,/title/ya-kris-farli/,171,352,True,300,True,False,Я Крис Фарли,0
lords-01,Фильмы по жанрам,/title/9-11-ataka-na-pentagon/,171,352,True,500,True,True,9/11 Атака на Пентагон,0
lords-01,Фильмы по жанрам,/title/operaciya-fortitude/,171,352,True,300,True,False,Операция Fortitude,0
lords-01,Фильмы по жанрам,/title/v-poiskah-dzheka-charltona/,171,352,True,300,True,True,В поисках Джека Чарльтона,0
lords-01,Фильмы по жанрам,/title/le-man-55-taynaya-katastrofa/,171,352,True,300,True,True,Ле-Ман '55. Тайная катастрофа,0
lords-01,Фильмы по жанрам,/title/lyubov-i-remont/,171,352,True,500,True,False,Любовь и ремонт,0
lords-01,Фильмы по жанрам,/title/obitel-zla-2/,171,352,True,300,True,False,Обитель зла,0
lords-01,Фильмы по жанрам,/title/udivitelnyy-mir-ieronima-bosha/,171,352,True,300,True,True,Удивительный мир Иеронима Босха,0
lords-01,Новинки,/title/moi-dva-centa/,171,352,True,300,True,False,Мои два цента,0
lords-01,Новинки,/title/plennica-6/,171,352,True,300,True,False,Пленница,0
lords-01,Новинки,/title/nash-vcherashniy-pobeg/,171,352,True,300,True,True,Наш вчерашний побег,0
lords-01,Новинки,/title/kurinyy-gorodok/,171,352,True,200,True,False,Куриный городок,0
lords-01,Новинки,/title/amerikanskaya-amazonka/,171,352,True,372,True,True,Американская Амазонка,0
lords-01,Новинки,/title/pylnye-utesy/,171,352,True,300,True,False,Пыльные утёсы,0
lords-01,Новинки,/title/ohota-za-brakom-v-37-eto-pole-bitvy/,171,352,True,450,True,True,Охота за браком в 37 - это поле битвы,0
lords-01,Новинки,/title/chti-svoyu-mat/,171,352,True,300,True,False,Чти свою мать,0
lords-01,Новинки,/title/master-lda-i-plameni-2/,171,352,True,750,True,True,Мастер льда и пламени 2,0
lords-01,Новинки,/title/magiya-zatonuvshih-korabley/,171,352,True,300,True,True,Магия затонувших кораблей,0
lords-01,Новинки,/title/tihookeanskie-rassledovaniya/,171,352,True,300,True,True,Тихоокеанские расследования,0
lords-01,Новинки,/title/sryv/,171,352,True,434,True,False,Срыв,0
lords-01,Популярное,/title/svinorez/,171,352,True,500,True,False,Свинорез,0
lords-01,Популярное,/title/kadaknath/,171,352,True,500,True,False,Кадакнатх,0
lords-01,Популярное,/title/bezdna/,171,352,True,450,True,False,Бездна,0
lords-01,Популярное,/title/sheri-lyubov-moya/,171,352,True,390,True,False,"Шери, любовь моя",0
lords-01,Популярное,/title/bez-prava-na-strah/,171,352,True,500,True,False,Без права на страх,0
lords-01,Популярное,/title/plasticheskaya-krasota/,171,352,True,450,True,True,Пластическая красота,0
lords-01,Популярное,/title/imperiya-artura/,171,352,True,500,True,False,Империя Артура,0
lords-01,Популярное,/title/delo-ob-ubiystve-lakshmikantana/,171,352,True,500,True,True,Дело об убийстве Лакшмикантана,0
lords-01,Популярное,/title/littl-lorreyn/,171,352,True,391,True,False,Литтл Лоррейн,0
lords-01,Популярное,/title/ubiyca-vnutri/,171,352,True,500,True,False,Убийца внутри,0
lords-01,Сериалы,/title/skandal-4/,171,352,True,450,True,False,Скандал,0
lords-01,Сериалы,/title/moy-sekret/,171,352,True,300,True,False,Мой секрет,0
lords-01,Сериалы,/title/sestry-obschaya-lyubov/,171,352,True,300,True,True,"Сёстры, общая любовь",0
lords-01,Сериалы,/title/gorod-zhun/,171,352,True,450,True,False,Город Жун,0
lords-01,Сериалы,/title/vo-imya-lyubvi-2/,171,352,True,450,True,False,Во имя любви,0
lords-01,Сериалы,/title/poceluy-menya-derzko/,171,352,True,450,True,True,Поцелуй меня дерзко,0
lords-01,Сериалы,/title/ya-vsego-lish-travinka/,171,352,True,0,True,True,Я всего лишь травинка,1
lords-01,Сериалы,/title/chistilschiki-3/,171,352,True,0,True,False,Чистильщики,1
lords-01,Сериалы,/title/ya-tebya-znayu/,171,352,True,0,True,False,Я тебя знаю,1
lords-01,Сериалы,/title/epoha-lda/,171,352,True,0,True,False,Эпоха льда,1
lords-01,Сериалы,/title/dobro-pozhalovat-v-platvil/,171,352,True,0,True,True,Добро пожаловать в Платвиль,1
lords-01,Сериалы,/title/sudmedekspert-stavshaya-domohozyaykoy/,171,352,True,0,True,True,"Судмедэксперт, ставшая домохозяйкой",1
lords-02,Продолжающиеся сериалы,/title/plennica-6/,171,96,True,300,True,False,Пленница,0
lords-02,Продолжающиеся сериалы,/title/nash-vcherashniy-pobeg/,171,96,True,300,True,True,Наш вчерашний побег,0
lords-02,Продолжающиеся сериалы,/title/amerikanskaya-amazonka/,171,96,True,372,True,False,Американская Амазонка,0
lords-02,Продолжающиеся сериалы,/title/pylnye-utesy/,171,96,True,300,True,False,Пыльные утёсы,0
lords-02,Продолжающиеся сериалы,/title/ohota-za-brakom-v-37-eto-pole-bitvy/,171,96,True,450,True,True,Охота за браком в 37 - это поле битвы,0
lords-02,Продолжающиеся сериалы,/title/chti-svoyu-mat/,171,96,True,300,True,False,Чти свою мать,0
lords-02,Продолжающиеся сериалы,/title/master-lda-i-plameni-2/,171,96,True,750,True,True,Мастер льда и пламени 2,0
lords-02,Продолжающиеся сериалы,/title/magiya-zatonuvshih-korabley/,171,96,True,300,True,True,Магия затонувших кораблей,0
lords-02,Продолжающиеся сериалы,/title/tihookeanskie-rassledovaniya/,171,96,True,300,True,False,Тихоокеанские расследования,0
lords-02,Продолжающиеся сериалы,/title/sryv/,171,96,True,434,True,False,Срыв,0
lords-02,Продолжающиеся сериалы,/title/skandal-4/,171,96,True,450,True,False,Скандал,0
lords-02,Продолжающиеся сериалы,/title/moy-sekret/,171,96,True,300,True,False,Мой секрет,0
lords-02,Новые поступления сериалов,/title/sestry-obschaya-lyubov/,171,139,True,300,True,True,"Сёстры, общая любовь",0
lords-02,Новые поступления сериалов,/title/gorod-zhun/,171,139,True,450,True,False,Город Жун,0
lords-02,Новые поступления сериалов,/title/vo-imya-lyubvi-2/,171,139,True,450,True,False,Во имя любви,0
lords-02,Новые поступления сериалов,/title/poceluy-menya-derzko/,171,139,True,450,True,True,Поцелуй меня дерзко,0
lords-02,Новые поступления сериалов,/title/ya-vsego-lish-travinka/,171,139,True,450,True,True,Я всего лишь травинка,0
lords-02,Новые поступления сериалов,/title/chistilschiki-3/,171,139,True,450,True,False,Чистильщики,0
lords-02,Новые поступления сериалов,/title/ya-tebya-znayu/,171,139,True,1720,True,False,Я тебя знаю,0
lords-02,Новые поступления сериалов,/title/plasticheskaya-krasota/,171,139,True,450,True,False,Пластическая красота,0
lords-02,Новые поступления сериалов,/title/epoha-lda/,171,139,True,533,True,False,Эпоха льда,0
lords-02,Новые поступления сериалов,/title/dobro-pozhalovat-v-platvil/,171,139,True,300,True,True,Добро пожаловать в Платвиль,0
lords-02,Новые поступления сериалов,/title/sudmedekspert-stavshaya-domohozyaykoy/,171,139,True,300,True,True,"Судмедэксперт, ставшая домохозяйкой",0
lords-02,Новые поступления сериалов,/title/zvezdnaya-zolotaya-moneta/,171,139,True,450,True,True,Звёздная золотая монета,0
lords-02,Популярное за неделю,/title/bezdna/,171,96,True,450,True,False,Бездна,0
lords-02,Популярное за неделю,/title/ng-morskie-odissei-otkryvaya-tihiy-okean/,171,96,True,1920,True,True,NG. Морские одиссеи: Открывая Тихий океан,0
lords-02,Популярное за неделю,/title/nascar-amerika/,171,96,True,639,True,False,NASCAR Америка,0
lords-02,Популярное за неделю,/title/operaciya-beloe-more-missiya-nad-gimalayami/,171,96,True,600,True,True,Операция «Белое море»: Миссия над Гималаями,0
lords-02,Популярное за неделю,/title/rassledovanie-prestupleniy/,171,96,True,2400,True,False,Расследование преступлений,0
lords-02,Популярное за неделю,/title/evolyuciya/,171,96,True,360,True,False,Эволюция,0
lords-02,Популярное за неделю,/title/v-chetyre-ruki/,171,96,True,450,True,True,В четыре руки,0
lords-02,Популярное за неделю,/title/krutoy-uchitel-onidzuka-7/,171,96,True,300,True,True,Крутой учитель Онидзука,0
lords-02,Популярное за неделю,/title/drugaya-lyubov-no-ne-ty/,171,96,True,450,True,True,"Другая любовь, но не ты",0
lords-02,Популярное за неделю,/title/slava/,171,96,True,600,True,False,Слава,0
lords-02,Популярное за неделю,/title/troe-papash/,171,96,True,450,True,False,Трое папаш,0
lords-02,Фильмы в каталоге,/title/nedetskie-igry-2/,171,96,True,500,True,False,Недетские игры,0
lords-02,Фильмы в каталоге,/title/pravda-ili-zagovor/,171,96,True,500,True,True,Правда или заговор,0
lords-02,Фильмы в каталоге,/title/reznya-v-norton-krik/,171,96,True,500,True,True,Резня в Нортон-Крик,0
lords-02,Фильмы в каталоге,/title/pervenec-2/,171,96,True,500,True,False,Первенец,0
lords-02,Фильмы в каталоге,/title/princessa-i-drakon/,171,96,True,500,True,False,Принцесса и дракон,0
lords-02,Фильмы в каталоге,/title/chya-eto-sobaka/,171,96,True,300,True,False,Чья это собака?,0
lords-02,Фильмы в каталоге,/title/do-kraya-sveta/,171,96,True,500,True,True,До края света,0
lords-02,Фильмы в каталоге,/title/elaydzha-pil/,171,96,True,500,True,False,Элайджа Пил,0
lords-03,Выбор редакции,/title/chya-eto-sobaka/,171,198,True,300,True,False,Чья это собака?,0
lords-03,Выбор редакции,/title/svinorez/,171,198,True,500,True,False,Свинорез,0
lords-03,Выбор редакции,/title/kadaknath/,171,198,True,500,True,False,Кадакнатх,0
lords-03,Выбор редакции,/title/bezdna/,171,198,True,450,True,False,Бездна,0
lords-03,Выбор редакции,/title/sheri-lyubov-moya/,171,198,True,390,True,False,"Шери, любовь моя",0
lords-03,Выбор редакции,/title/bez-prava-na-strah/,171,198,True,500,True,False,Без права на страх,0
lords-03,Выбор редакции,/title/plasticheskaya-krasota/,171,198,True,450,True,False,Пластическая красота,0
lords-03,Выбор редакции,/title/imperiya-artura/,171,198,True,500,True,False,Империя Артура,0
lords-03,Выбор редакции,/title/delo-ob-ubiystve-lakshmikantana/,171,198,True,500,True,False,Дело об убийстве Лакшмикантана,0
lords-03,Выбор редакции,/title/littl-lorreyn/,171,198,True,391,True,False,Литтл Лоррейн,0
lords-03,Что посмотреть,/title/moi-dva-centa/,171,198,True,300,True,False,Мои два цента,0
lords-03,Что посмотреть,/title/plennica-6/,171,198,True,300,True,False,Пленница,0
lords-03,Что посмотреть,/title/nash-vcherashniy-pobeg/,171,198,True,300,True,False,Наш вчерашний побег,0
lords-03,Что посмотреть,/title/nedetskie-igry-2/,171,198,True,500,True,False,Недетские игры,0
lords-03,Что посмотреть,/title/pravda-ili-zagovor/,171,198,True,500,True,False,Правда или заговор,0
lords-03,Что посмотреть,/title/reznya-v-norton-krik/,171,198,True,500,True,False,Резня в Нортон-Крик,0
lords-03,Что посмотреть,/title/pervenec-2/,171,198,True,500,True,False,Первенец,0
lords-03,Что посмотреть,/title/princessa-i-drakon/,171,198,True,500,True,False,Принцесса и дракон,0
lords-03,Что посмотреть,/title/kurinyy-gorodok/,171,198,True,200,True,False,Куриный городок,0
lords-03,Что посмотреть,/title/do-kraya-sveta/,171,198,True,500,True,False,До края света,0
lords-03,Что посмотреть,/title/elaydzha-pil/,171,198,True,500,True,False,Элайджа Пил,0
lords-03,Что посмотреть,/title/otgoloski-iz-pustoty/,171,198,True,500,True,False,Отголоски из пустоты,0
lords-03,Новые поступления,/title/bratya-po-oruzhiyu-nasledie/,171,198,True,300,True,True,Братья по оружию: Наследие,0
lords-03,Новые поступления,/title/materinskaya-lihoradka/,171,198,True,375,True,True,Материнская лихорадка,0
lords-03,Новые поступления,/title/ty-ya-protiv-vsego-mira/,171,198,True,299,True,True,Ты + Я — против всего мира,0
lords-03,Новые поступления,/title/parshivye-ovcy-2/,171,198,True,300,True,True,Паршивые овцы,0
lords-03,Новые поступления,/title/posledniy-prokat/,171,198,True,500,True,True,Последний прокат,0
lords-03,Новые поступления,/title/umnica-gudi/,171,198,True,300,True,True,Умница Гуди,0
lords-03,Новые поступления,/title/luchshie-iz-luchshih-2/,171,198,True,500,True,True,Лучшие из лучших,0
lords-03,Новые поступления,/title/ya-kris-farli/,171,198,True,300,True,True,Я Крис Фарли,0
